"_hve_id","_source_id","_ingest_ts","icao24","callsign","origin_country","time_position","last_contact","longitude","latitude","baro_altitude","on_ground","velocity","true_track","vertical_rate","spi","position_source"
"278ce495-cfe0-4715-a898-e34e9e440181_0","flights","2026-05-09T16:18:36.387376+00:00","acdfcc","KAP68","United States","1778343503","1778343503","-73.7075","40.7289","640.08","false","84.1","209.7","-4.23","false","0"
"278ce495-cfe0-4715-a898-e34e9e440181_1","flights","2026-05-09T16:18:36.387376+00:00","a005c8","TCN100","United States","1778343502","1778343502","-73.811","40.9594","1828.8","false","125.52","174.83","0.33","false","0"
"278ce495-cfe0-4715-a898-e34e9e440181_2","flights","2026-05-09T16:18:36.387376+00:00","a34119","DAL855","United States","1778343502","1778343502","-73.4537","40.8502","8328.66","false","255.7","50.22","-8.13","false","0"
"278ce495-cfe0-4715-a898-e34e9e440181_3","flights","2026-05-09T16:18:36.387376+00:00","a52aed","DAL273","United States","1778343502","1778343502","-73.4866","40.8442","1028.7","false","112.29","303.98","-5.53","false","0"
"278ce495-cfe0-4715-a898-e34e9e440181_4","flights","2026-05-09T16:18:36.387376+00:00","a03bcd","RPA4540","United States","1778343434","1778343434","-73.871","40.7748","","true","0.9","33.75","","false","0"
"278ce495-cfe0-4715-a898-e34e9e440181_5","flights","2026-05-09T16:18:36.387376+00:00","a20120","N2280Q","United States","1778343502","1778343502","-73.4171","40.7678","274.32","false","41.39","145.12","-3.9","false","0"
"278ce495-cfe0-4715-a898-e34e9e440181_6","flights","2026-05-09T16:18:36.387376+00:00","780a3b","CPA830","China","1778343205","1778343208","-73.7496","40.652","76.2","false","73.85","211.03","-4.23","false","0"
"278ce495-cfe0-4715-a898-e34e9e440181_7","flights","2026-05-09T16:18:36.387376+00:00","ac159a","RPA5599","United States","1778343497","1778343497","-73.8738","40.7799","","true","7.2","33.75","","false","0"
"278ce495-cfe0-4715-a898-e34e9e440181_8","flights","2026-05-09T16:18:36.387376+00:00","a213d6","MXY917","United States","1778343502","1778343502","-73.1232","40.7364","1226.82","false","135.14","114.52","1.95","false","0"
"278ce495-cfe0-4715-a898-e34e9e440181_9","flights","2026-05-09T16:18:36.387376+00:00","ac36cc","SWA1254","United States","1778343502","1778343502","-73.0723","40.2608","9685.02","false","261.09","41.01","-10.4","false","0"
"278ce495-cfe0-4715-a898-e34e9e440181_10","flights","2026-05-09T16:18:36.387376+00:00","a2bbc6","UAL1624","United States","1778343502","1778343502","-73.7093","40.0074","5631.18","false","208.64","104.86","9.43","false","0"
"278ce495-cfe0-4715-a898-e34e9e440181_11","flights","2026-05-09T16:18:36.387376+00:00","44ccd0","BEL1CP","Belgium","1778343502","1778343502","-73.052","40.6959","2484.12","false","125.81","238.71","-6.18","false","0"
"278ce495-cfe0-4715-a898-e34e9e440181_12","flights","2026-05-09T16:18:36.387376+00:00","ada936","N98EG","United States","1778343502","1778343502","-73.9565","40.8486","472.44","false","55.53","203.48","0.33","false","0"
"278ce495-cfe0-4715-a898-e34e9e440181_13","flights","2026-05-09T16:18:36.387376+00:00","a0835d","RPA4346","United States","1778343434","1778343434","-73.8701","40.7843","","true","2.06","5.62","","false","0"
"278ce495-cfe0-4715-a898-e34e9e440181_14","flights","2026-05-09T16:18:36.387376+00:00","aceb76","EDV5116","United States","1778343502","1778343502","-73.848","40.8131","228.6","false","69.92","212.99","-3.25","false","0"
"278ce495-cfe0-4715-a898-e34e9e440181_15","flights","2026-05-09T16:18:36.387376+00:00","a0bcb7","CNS46","United States","1778343501","1778343502","-73.7748","40.8053","8229.6","false","148.7","359.01","0","false","0"
"278ce495-cfe0-4715-a898-e34e9e440181_16","flights","2026-05-09T16:18:36.387376+00:00","a50341","N422CB","United States","1778343502","1778343502","-73.0221","40.6588","861.06","false","36.31","262.67","-1.3","false","0"
"278ce495-cfe0-4715-a898-e34e9e440181_17","flights","2026-05-09T16:18:36.387376+00:00","a13391","DAL93","United States","1778343502","1778343502","-73.1793","40.6626","1760.22","false","136.43","296.18","-6.83","false","0"
"278ce495-cfe0-4715-a898-e34e9e440181_18","flights","2026-05-09T16:18:36.387376+00:00","ae08c0","TITUS01","United States","1778343502","1778343502","-73.3843","40.0384","8519.16","false","116.91","218.03","0.33","false","0"
"278ce495-cfe0-4715-a898-e34e9e440181_19","flights","2026-05-09T16:18:36.387376+00:00","394a02","AFR004","France","1778343502","1778343502","-73.3898","40.7313","1531.62","false","135.3","293.06","0.33","false","0"
"278ce495-cfe0-4715-a898-e34e9e440181_20","flights","2026-05-09T16:18:36.387376+00:00","a3b04f","N337FB","United States","1778343477","1778343497","-73.3296","40.7083","335.28","false","57.7","309.94","-0.33","false","0"
"278ce495-cfe0-4715-a898-e34e9e440181_21","flights","2026-05-09T16:18:36.387376+00:00","a515ad","AAL605","United States","1778343452","1778343482","-73.8716","40.7762","","true","0","165.94","","false","0"
"278ce495-cfe0-4715-a898-e34e9e440181_22","flights","2026-05-09T16:18:36.387376+00:00","a3e9f3","EJA351","United States","1778343502","1778343502","-73.0492","40.1555","10812.78","false","253.41","55.92","-7.48","false","0"
"278ce495-cfe0-4715-a898-e34e9e440181_23","flights","2026-05-09T16:18:36.387376+00:00","a98445","JBU2536","United States","1778343501","1778343501","-73.5821","40.8217","685.8","false","88.5","240.01","-6.5","false","0"
"278ce495-cfe0-4715-a898-e34e9e440181_24","flights","2026-05-09T16:18:36.387376+00:00","ad9712","JBU1002","United States","1778343503","1778343503","-73.5382","40.4661","1386.84","false","153.03","27.86","-8.13","false","0"
"278ce495-cfe0-4715-a898-e34e9e440181_25","flights","2026-05-09T16:18:36.387376+00:00","a2a70f","LXJ270","United States","1778343502","1778343502","-73.7561","40.4284","1043.94","false","122.62","223.81","5.2","false","0"
"278ce495-cfe0-4715-a898-e34e9e440181_26","flights","2026-05-09T16:18:36.387376+00:00","71c362","AAR221","Republic of Korea","1778343502","1778343502","-73.5598","40.8297","3383.28","false","195.22","342.04","6.5","false","0"
"278ce495-cfe0-4715-a898-e34e9e440181_27","flights","2026-05-09T16:18:36.387376+00:00","aca79d","EDV5458","United States","1778343501","1778343501","-73.3797","40.6928","1226.82","false","135.09","27.93","-0.33","false","0"
"278ce495-cfe0-4715-a898-e34e9e440181_28","flights","2026-05-09T16:18:36.387376+00:00","ac4668","N890MA","United States","1778343500","1778343501","-73.4141","40.723","91.44","false","38.19","175.36","5.53","false","0"
"278ce495-cfe0-4715-a898-e34e9e440181_29","flights","2026-05-09T16:18:36.387376+00:00","adea26","AAL1080","United States","1778343502","1778343502","-73.8761","40.9206","4084.32","false","148.67","303.86","15.61","false","0"
"278ce495-cfe0-4715-a898-e34e9e440181_30","flights","2026-05-09T16:18:36.387376+00:00","a28d12","N2634M","United States","1778343496","1778343501","-73.4361","40.748","335.28","false","46.81","0","0.65","false","0"
"278ce495-cfe0-4715-a898-e34e9e440181_31","flights","2026-05-09T16:18:36.387376+00:00","ac4587","KAP519","United States","1778343502","1778343502","-73.7229","40.5662","1554.48","false","78.98","65.77","0.33","false","0"
"278ce495-cfe0-4715-a898-e34e9e440181_32","flights","2026-05-09T16:18:36.387376+00:00","a388af","DAL1404","United States","1778343494","1778343496","-73.8603","40.7695","","true","0.06","295.31","","false","0"
"278ce495-cfe0-4715-a898-e34e9e440181_33","flights","2026-05-09T16:18:36.387376+00:00","a78cfc","JBU142","United States","1778343502","1778343502","-73.662","40.7637","617.22","false","88.4","211.19","0","false","0"
"278ce495-cfe0-4715-a898-e34e9e440181_34","flights","2026-05-09T16:18:36.387376+00:00","a282e5","MXY1730","United States","1778343502","1778343502","-73.3705","40.6068","5189.22","false","200.06","15.36","0","false","0"
"278ce495-cfe0-4715-a898-e34e9e440181_35","flights","2026-05-09T16:18:36.387376+00:00","4b1882","SWR16F","Switzerland","1778343498","1778343498","-73.7629","40.635","","true","50.42","210.94","","false","0"
"278ce495-cfe0-4715-a898-e34e9e440181_36","flights","2026-05-09T16:18:36.387376+00:00","a2f9f5","N291HW","United States","1778343502","1778343502","-73.2403","40.9933","670.56","false","21.12","235.92","-1.95","false","0"
"278ce495-cfe0-4715-a898-e34e9e440181_37","flights","2026-05-09T16:18:36.387376+00:00","a030a8","RPA4501","United States","1778343491","1778343491","-73.871","40.7762","","true","0","300.94","","false","0"
"278ce495-cfe0-4715-a898-e34e9e440181_38","flights","2026-05-09T16:18:36.387376+00:00","ace7bf","EDV5531","United States","1778343502","1778343502","-73.716","40.8617","2407.92","false","159.68","27.23","11.7","false","0"
"278ce495-cfe0-4715-a898-e34e9e440181_39","flights","2026-05-09T16:18:36.387376+00:00","acd53d","N926JA","United States","1778343503","1778343503","-73.3609","40.8693","335.28","false","46.79","194.65","-0.65","false","0"
"278ce495-cfe0-4715-a898-e34e9e440181_40","flights","2026-05-09T16:18:36.387376+00:00","a770a2","JBU872","United States","1778343502","1778343502","-73.9374","40.8555","1226.82","false","130.89","37.82","-0.33","false","0"
"278ce495-cfe0-4715-a898-e34e9e440181_41","flights","2026-05-09T16:18:36.387376+00:00","a72f91","JIA5336","United States","1778343503","1778343503","-73.8249","40.8425","10050.78","false","246.24","25.23","0","false","0"
"278ce495-cfe0-4715-a898-e34e9e440181_42","flights","2026-05-09T16:18:36.387376+00:00","a1b812","N21KH","United States","1778343502","1778343502","-73.6997","40.6737","13106.4","false","244.73","51.06","0","false","0"
"278ce495-cfe0-4715-a898-e34e9e440181_43","flights","2026-05-09T16:18:36.387376+00:00","a69fac","N526ER","United States","1778343502","1778343502","-73.4147","40.7451","91.44","false","35.5","179.17","-2.6","false","0"
"278ce495-cfe0-4715-a898-e34e9e440181_44","flights","2026-05-09T16:18:36.387376+00:00","ad3e85","N9520Z","United States","1778343502","1778343502","-73.3988","40.9112","617.22","false","36.83","257.91","0","false","0"
"278ce495-cfe0-4715-a898-e34e9e440181_45","flights","2026-05-09T16:18:36.387376+00:00","a04695","DAL2564","United States","1778343500","1778343500","-73.8724","40.7782","","true","11.32","303.75","","false","0"
"278ce495-cfe0-4715-a898-e34e9e440181_46","flights","2026-05-09T16:18:36.387376+00:00","a1404b","N18WD","United States","1778343502","1778343503","-73.8666","40.504","1836.42","false","70.96","209.54","0","false","0"
"278ce495-cfe0-4715-a898-e34e9e440181_47","flights","2026-05-09T16:18:36.387376+00:00","a3e329","N35HF","United States","1778343501","1778343502","-73.6326","40.5729","152.4","false","69.97","270.42","0","false","0"
"278ce495-cfe0-4715-a898-e34e9e440181_48","flights","2026-05-09T16:18:36.387376+00:00","a44548","DAL398","United States","1778343502","1778343502","-73.8801","40.7722","","true","7.72","33.75","","false","0"
"278ce495-cfe0-4715-a898-e34e9e440181_49","flights","2026-05-09T16:18:36.387376+00:00","a06343","N124HF","United States","1778343502","1778343502","-73.0498","40.6767","701.04","false","34.82","145.84","5.85","false","0"
"278ce495-cfe0-4715-a898-e34e9e440181_50","flights","2026-05-09T16:18:36.387376+00:00","a57945","N4518B","United States","1778343502","1778343502","-73.3621","40.6133","350.52","false","63.3","97.47","-1.63","false","0"
"278ce495-cfe0-4715-a898-e34e9e440181_51","flights","2026-05-09T16:18:36.387376+00:00","a4ee2e","AAL1106","United States","1778343502","1778343502","-73.7384","40.1853","3025.14","false","165.59","29.19","-6.18","false","0"
"278ce495-cfe0-4715-a898-e34e9e440181_52","flights","2026-05-09T16:18:36.387376+00:00","a335fa","DAL2099","United States","1778343448","1778343454","-73.863","40.7719","","true","0.06","157.5","","false","0"
"278ce495-cfe0-4715-a898-e34e9e440181_53","flights","2026-05-09T16:18:36.387376+00:00","a086b4","DAL454","United States","1778343380","1778343380","-73.7527","40.6481","53.34","false","66.62","210.13","-3.58","false","0"
"278ce495-cfe0-4715-a898-e34e9e440181_54","flights","2026-05-09T16:18:36.387376+00:00","a54312","RPA4358","United States","1778343407","1778343408","-73.8703","40.7757","","true","0.9","30.94","","false","0"
"278ce495-cfe0-4715-a898-e34e9e440181_55","flights","2026-05-09T16:18:36.387376+00:00","a1b092","RPA5761","United States","1778343501","1778343501","-73.8804","40.7737","22.86","false","77.22","212.21","3.25","false","0"
"278ce495-cfe0-4715-a898-e34e9e440181_56","flights","2026-05-09T16:18:36.387376+00:00","abc2e5","RPA4347","United States","1778343474","1778343474","-73.8721","40.7743","","true","4.37","106.88","","false","0"
"278ce495-cfe0-4715-a898-e34e9e440181_57","flights","2026-05-09T16:18:36.387376+00:00","71010f","SVA022","Saudi Arabia","1778343502","1778343502","-73.8204","40.5763","624.84","false","107.08","209.03","0.65","false","0"
"278ce495-cfe0-4715-a898-e34e9e440181_58","flights","2026-05-09T16:18:36.387376+00:00","a73dc7","LXJ566","United States","1778343502","1778343502","-73.8565","40.3763","11978.64","false","195.33","258.45","9.75","false","0"
"d66f31eb-8f0c-421d-8b44-58c690b65b8f_0","flights","2026-05-09T16:18:20.454358+00:00","acdfcc","KAP68","United States","1778343491","1778343491","-73.702","40.7363","685.8","false","83.1","208.47","-4.23","false","0"
"d66f31eb-8f0c-421d-8b44-58c690b65b8f_1","flights","2026-05-09T16:18:20.454358+00:00","a005c8","TCN100","United States","1778343490","1778343491","-73.8125","40.9722","1859.28","false","125.01","174.81","-0.33","false","0"
"d66f31eb-8f0c-421d-8b44-58c690b65b8f_2","flights","2026-05-09T16:18:20.454358+00:00","a34119","DAL855","United States","1778343491","1778343491","-73.4794","40.8342","8442.96","false","258.08","50.66","-12.68","false","0"
"d66f31eb-8f0c-421d-8b44-58c690b65b8f_3","flights","2026-05-09T16:18:20.454358+00:00","a52aed","DAL273","United States","1778343491","1778343491","-73.4746","40.838","1097.28","false","112.58","304.2","-6.83","false","0"
"d66f31eb-8f0c-421d-8b44-58c690b65b8f_4","flights","2026-05-09T16:18:20.454358+00:00","a03bcd","RPA4540","United States","1778343434","1778343434","-73.871","40.7748","","true","0.9","33.75","","false","0"
"d66f31eb-8f0c-421d-8b44-58c690b65b8f_5","flights","2026-05-09T16:18:20.454358+00:00","a20120","N2280Q","United States","1778343491","1778343491","-73.4221","40.7698","304.8","false","48.18","83.25","-3.25","false","0"
"d66f31eb-8f0c-421d-8b44-58c690b65b8f_6","flights","2026-05-09T16:18:20.454358+00:00","780a3b","CPA830","China","1778343205","1778343208","-73.7496","40.652","76.2","false","73.85","211.03","-4.23","false","0"
"d66f31eb-8f0c-421d-8b44-58c690b65b8f_7","flights","2026-05-09T16:18:20.454358+00:00","ac159a","RPA5599","United States","1778343470","1778343470","-73.8733","40.7787","","true","8.75","300.94","","false","0"
"d66f31eb-8f0c-421d-8b44-58c690b65b8f_8","flights","2026-05-09T16:18:20.454358+00:00","a213d6","MXY917","United States","1778343491","1778343491","-73.1371","40.7431","1203.96","false","116.84","136.96","5.85","false","0"
"d66f31eb-8f0c-421d-8b44-58c690b65b8f_9","flights","2026-05-09T16:18:20.454358+00:00","ac36cc","SWA1254","United States","1778343491","1778343491","-73.0939","40.2418","9799.32","false","262.21","40.94","-8.78","false","0"
"d66f31eb-8f0c-421d-8b44-58c690b65b8f_10","flights","2026-05-09T16:18:20.454358+00:00","a2bbc6","UAL1624","United States","1778343492","1778343492","-73.7344","40.0125","5532.12","false","207.64","104.93","9.43","false","0"
"d66f31eb-8f0c-421d-8b44-58c690b65b8f_11","flights","2026-05-09T16:18:20.454358+00:00","44ccd0","BEL1CP","Belgium","1778343491","1778343491","-73.0379","40.7024","2545.08","false","126.25","238.84","-5.53","false","0"
"d66f31eb-8f0c-421d-8b44-58c690b65b8f_12","flights","2026-05-09T16:18:20.454358+00:00","ada936","N98EG","United States","1778343491","1778343491","-73.9537","40.8535","480.06","false","55.41","201.8","-1.3","false","0"
"d66f31eb-8f0c-421d-8b44-58c690b65b8f_13","flights","2026-05-09T16:18:20.454358+00:00","a0835d","RPA4346","United States","1778343434","1778343434","-73.8701","40.7843","","true","2.06","5.62","","false","0"
"d66f31eb-8f0c-421d-8b44-58c690b65b8f_14","flights","2026-05-09T16:18:20.454358+00:00","aceb76","EDV5116","United States","1778343491","1778343491","-73.843","40.8189","266.7","false","70.2","213.34","-3.9","false","0"
"d66f31eb-8f0c-421d-8b44-58c690b65b8f_15","flights","2026-05-09T16:18:20.454358+00:00","a0bcb7","CNS46","United States","1778343490","1778343491","-73.7745","40.7909","8229.6","false","148.69","359.21","0","false","0"
"d66f31eb-8f0c-421d-8b44-58c690b65b8f_16","flights","2026-05-09T16:18:20.454358+00:00","a50341","N422CB","United States","1778343491","1778343491","-73.0178","40.6597","876.3","false","33.17","246.22","-0.33","false","0"
"d66f31eb-8f0c-421d-8b44-58c690b65b8f_17","flights","2026-05-09T16:18:20.454358+00:00","a13391","DAL93","United States","1778343491","1778343491","-73.1628","40.6584","1836.42","false","131.11","274.73","-6.83","false","0"
"d66f31eb-8f0c-421d-8b44-58c690b65b8f_18","flights","2026-05-09T16:18:20.454358+00:00","a3b02e","DAL2785","United States","1778343491","1778343491","-73.2414","40.0035","11582.4","false","198.27","225.74","0","false","0"
"d66f31eb-8f0c-421d-8b44-58c690b65b8f_19","flights","2026-05-09T16:18:20.454358+00:00","ae08c0","TITUS01","United States","1778343491","1778343491","-73.3752","40.0474","8519.16","false","116.5","218.19","0.65","false","0"
"d66f31eb-8f0c-421d-8b44-58c690b65b8f_20","flights","2026-05-09T16:18:20.454358+00:00","394a02","AFR004","France","1778343491","1778343491","-73.3738","40.726","1531.62","false","134.36","293.23","0.33","false","0"
"d66f31eb-8f0c-421d-8b44-58c690b65b8f_21","flights","2026-05-09T16:18:20.454358+00:00","a3b04f","N337FB","United States","1778343477","1778343480","-73.3296","40.7083","335.28","false","55.69","313.13","0.33","false","0"
"d66f31eb-8f0c-421d-8b44-58c690b65b8f_22","flights","2026-05-09T16:18:20.454358+00:00","a515ad","AAL605","United States","1778343452","1778343482","-73.8716","40.7762","","true","0","165.94","","false","0"
"d66f31eb-8f0c-421d-8b44-58c690b65b8f_23","flights","2026-05-09T16:18:20.454358+00:00","a3e9f3","EJA351","United States","1778343491","1778343491","-73.0752","40.1404","10896.6","false","252.83","49.37","-7.8","false","0"
"d66f31eb-8f0c-421d-8b44-58c690b65b8f_24","flights","2026-05-09T16:18:20.454358+00:00","a98445","JBU2536","United States","1778343491","1778343491","-73.5725","40.8256","762","false","87.02","245.56","-8.78","false","0"
"d66f31eb-8f0c-421d-8b44-58c690b65b8f_25","flights","2026-05-09T16:18:20.454358+00:00","ad9712","JBU1002","United States","1778343491","1778343491","-73.5479","40.4522","1470.66","false","153.03","27.86","-7.15","false","0"
"d66f31eb-8f0c-421d-8b44-58c690b65b8f_26","flights","2026-05-09T16:18:20.454358+00:00","a2a70f","LXJ270","United States","1778343491","1778343491","-73.7452","40.4371","990.6","false","122.26","223.64","5.2","false","0"
"d66f31eb-8f0c-421d-8b44-58c690b65b8f_27","flights","2026-05-09T16:18:20.454358+00:00","71c362","AAR221","Republic of Korea","1778343491","1778343491","-73.5518","40.8112","3337.56","false","190.5","341.91","3.25","false","0"
"d66f31eb-8f0c-421d-8b44-58c690b65b8f_28","flights","2026-05-09T16:18:20.454358+00:00","aca79d","EDV5458","United States","1778343490","1778343491","-73.3877","40.6813","1234.44","false","135.57","28.32","-0.98","false","0"
"d66f31eb-8f0c-421d-8b44-58c690b65b8f_29","flights","2026-05-09T16:18:20.454358+00:00","ac4668","N890MA","United States","1778343489","1778343489","-73.4143","40.7269","45.72","false","38.59","179.24","2.6","false","0"
"d66f31eb-8f0c-421d-8b44-58c690b65b8f_30","flights","2026-05-09T16:18:20.454358+00:00","adea26","AAL1080","United States","1778343491","1778343491","-73.8598","40.9123","3893.82","false","148.69","304.57","18.86","false","0"
"d66f31eb-8f0c-421d-8b44-58c690b65b8f_31","flights","2026-05-09T16:18:20.454358+00:00","a28d12","N2634M","United States","1778343490","1778343490","-73.4362","40.7452","327.66","false","49.41","1.79","0.65","false","0"
"d66f31eb-8f0c-421d-8b44-58c690b65b8f_32","flights","2026-05-09T16:18:20.454358+00:00","ac4587","KAP519","United States","1778343491","1778343491","-73.7322","40.5643","1524","false","70.8","84.58","5.85","false","0"
"d66f31eb-8f0c-421d-8b44-58c690b65b8f_33","flights","2026-05-09T16:18:20.454358+00:00","a388af","DAL1404","United States","1778343465","1778343474","-73.8603","40.7696","","true","0.06","295.31","","false","0"
"d66f31eb-8f0c-421d-8b44-58c690b65b8f_34","flights","2026-05-09T16:18:20.454358+00:00","a78cfc","JBU142","United States","1778343491","1778343491","-73.6562","40.7711","617.22","false","87.88","210.62","0","false","0"
"d66f31eb-8f0c-421d-8b44-58c690b65b8f_35","flights","2026-05-09T16:18:20.454358+00:00","a282e5","MXY1730","United States","1778343491","1778343491","-73.3774","40.5876","5189.22","false","198.93","15.29","0","false","0"
"d66f31eb-8f0c-421d-8b44-58c690b65b8f_36","flights","2026-05-09T16:18:20.454358+00:00","4b1882","SWR16F","Switzerland","1778343469","1778343472","-73.7513","40.6499","53.34","false","71.29","210.82","-3.58","false","0"
"d66f31eb-8f0c-421d-8b44-58c690b65b8f_37","flights","2026-05-09T16:18:20.454358+00:00","a2f9f5","N291HW","United States","1778343491","1778343491","-73.2378","40.9946","716.28","false","22.15","239.26","-3.25","false","0"
"d66f31eb-8f0c-421d-8b44-58c690b65b8f_38","flights","2026-05-09T16:18:20.454358+00:00","a030a8","RPA4501","United States","1778343491","1778343491","-73.871","40.7762","","true","0","300.94","","false","0"
"d66f31eb-8f0c-421d-8b44-58c690b65b8f_39","flights","2026-05-09T16:18:20.454358+00:00","ace7bf","EDV5531","United States","1778343491","1778343491","-73.7253","40.8479","2278.38","false","156.01","27.49","14.96","false","0"
"d66f31eb-8f0c-421d-8b44-58c690b65b8f_40","flights","2026-05-09T16:18:20.454358+00:00","acd53d","N926JA","United States","1778343491","1778343491","-73.3592","40.8742","335.28","false","47.16","193.88","0.65","false","0"
"d66f31eb-8f0c-421d-8b44-58c690b65b8f_41","flights","2026-05-09T16:18:20.454358+00:00","a770a2","JBU872","United States","1778343491","1778343491","-73.948","40.8451","1226.82","false","136.35","37.95","0","false","0"
"d66f31eb-8f0c-421d-8b44-58c690b65b8f_42","flights","2026-05-09T16:18:20.454358+00:00","a72f91","JIA5336","United States","1778343492","1778343492","-73.8398","40.8209","10058.4","false","248.55","30.33","-0.33","false","0"
"d66f31eb-8f0c-421d-8b44-58c690b65b8f_43","flights","2026-05-09T16:18:20.454358+00:00","a1b812","N21KH","United States","1778343491","1778343491","-73.7244","40.6585","13106.4","false","244.73","51.06","0","false","0"
"d66f31eb-8f0c-421d-8b44-58c690b65b8f_44","flights","2026-05-09T16:18:20.454358+00:00","a69fac","N526ER","United States","1778343490","1778343491","-73.4149","40.7488","114.3","false","34.5","177.44","-2.6","false","0"
"d66f31eb-8f0c-421d-8b44-58c690b65b8f_45","flights","2026-05-09T16:18:20.454358+00:00","ad3e85","N9520Z","United States","1778343491","1778343491","-73.394","40.9118","617.22","false","37.64","259.77","0","false","0"
"d66f31eb-8f0c-421d-8b44-58c690b65b8f_46","flights","2026-05-09T16:18:20.454358+00:00","a04695","DAL2564","United States","1778343488","1778343488","-73.871","40.7776","","true","10.8","300.94","","false","0"
"d66f31eb-8f0c-421d-8b44-58c690b65b8f_47","flights","2026-05-09T16:18:20.454358+00:00","a1404b","N18WD","United States","1778343491","1778343492","-73.862","40.5104","1836.42","false","70.26","209.38","0","false","0"
"d66f31eb-8f0c-421d-8b44-58c690b65b8f_48","flights","2026-05-09T16:18:20.454358+00:00","a3e329","N35HF","United States","1778343489","1778343489","-73.6224","40.5731","152.4","false","69","267.44","0","false","0"
"d66f31eb-8f0c-421d-8b44-58c690b65b8f_49","flights","2026-05-09T16:18:20.454358+00:00","a44548","DAL398","United States","1778343487","1778343487","-73.8808","40.7714","","true","6.69","30.94","","false","0"
"d66f31eb-8f0c-421d-8b44-58c690b65b8f_50","flights","2026-05-09T16:18:20.454358+00:00","a06343","N124HF","United States","1778343491","1778343491","-73.0471","40.6771","670.56","false","53.86","335.15","-0.98","false","0"
"d66f31eb-8f0c-421d-8b44-58c690b65b8f_51","flights","2026-05-09T16:18:20.454358+00:00","a57945","N4518B","United States","1778343491","1778343491","-73.3694","40.6151","365.76","false","52.58","120.58","-0.65","false","0"
"d66f31eb-8f0c-421d-8b44-58c690b65b8f_52","flights","2026-05-09T16:18:20.454358+00:00","a4ee2e","AAL1106","United States","1778343491","1778343491","-73.7487","40.1711","3108.96","false","166.04","29.11","-8.13","false","0"
"d66f31eb-8f0c-421d-8b44-58c690b65b8f_53","flights","2026-05-09T16:18:20.454358+00:00","a335fa","DAL2099","United States","1778343448","1778343454","-73.863","40.7719","","true","0.06","157.5","","false","0"
"d66f31eb-8f0c-421d-8b44-58c690b65b8f_54","flights","2026-05-09T16:18:20.454358+00:00","a086b4","DAL454","United States","1778343380","1778343380","-73.7527","40.6481","53.34","false","66.62","210.13","-3.58","false","0"
"d66f31eb-8f0c-421d-8b44-58c690b65b8f_55","flights","2026-05-09T16:18:20.454358+00:00","a54312","RPA4358","United States","1778343407","1778343408","-73.8703","40.7757","","true","0.9","30.94","","false","0"
"d66f31eb-8f0c-421d-8b44-58c690b65b8f_56","flights","2026-05-09T16:18:20.454358+00:00","abc2e5","RPA4347","United States","1778343474","1778343474","-73.8721","40.7743","","true","4.37","106.88","","false","0"
"d66f31eb-8f0c-421d-8b44-58c690b65b8f_57","flights","2026-05-09T16:18:20.454358+00:00","71010f","SVA022","Saudi Arabia","1778343491","1778343491","-73.8137","40.5856","624.84","false","105.99","209.68","0.33","false","0"
"d66f31eb-8f0c-421d-8b44-58c690b65b8f_58","flights","2026-05-09T16:18:20.454358+00:00","a73dc7","LXJ566","United States","1778343491","1778343491","-73.8316","40.3802","11894.82","false","196.04","258.19","7.48","false","0"
"9bad878c-d2b7-4992-b875-8e8676525882_0","flights","2026-05-09T16:18:04.500568+00:00","acdfcc","KAP68","United States","1778343480","1778343480","-73.6971","40.7436","739.14","false","82.15","205.6","-4.23","false","0"
"9bad878c-d2b7-4992-b875-8e8676525882_1","flights","2026-05-09T16:18:04.500568+00:00","a005c8","TCN100","United States","1778343480","1778343480","-73.814","40.9841","1859.28","false","124.96","175.04","0.98","false","0"
"9bad878c-d2b7-4992-b875-8e8676525882_2","flights","2026-05-09T16:18:04.500568+00:00","a34119","DAL855","United States","1778343480","1778343480","-73.5058","40.8178","8610.6","false","258.48","50.73","-18.21","false","0"
"9bad878c-d2b7-4992-b875-8e8676525882_3","flights","2026-05-09T16:18:04.500568+00:00","a52aed","DAL273","United States","1778343480","1778343480","-73.462","40.8316","1165.86","false","112.45","304.56","-6.5","false","0"
"9bad878c-d2b7-4992-b875-8e8676525882_4","flights","2026-05-09T16:18:04.500568+00:00","a03bcd","RPA4540","United States","1778343434","1778343434","-73.871","40.7748","","true","0.9","33.75","","false","0"
"9bad878c-d2b7-4992-b875-8e8676525882_5","flights","2026-05-09T16:18:04.500568+00:00","a20120","N2280Q","United States","1778343478","1778343478","-73.429","40.7688","335.28","false","41.32","71.11","8.13","false","0"
"9bad878c-d2b7-4992-b875-8e8676525882_6","flights","2026-05-09T16:18:04.500568+00:00","780a3b","CPA830","China","1778343205","1778343208","-73.7496","40.652","76.2","false","73.85","211.03","-4.23","false","0"
"9bad878c-d2b7-4992-b875-8e8676525882_7","flights","2026-05-09T16:18:04.500568+00:00","ac159a","RPA5599","United States","1778343470","1778343470","-73.8733","40.7787","","true","8.75","300.94","","false","0"
"9bad878c-d2b7-4992-b875-8e8676525882_8","flights","2026-05-09T16:18:04.500568+00:00","a213d6","MXY917","United States","1778343479","1778343480","-73.1451","40.7527","1120.14","false","103.53","163.55","8.45","false","0"
"9bad878c-d2b7-4992-b875-8e8676525882_9","flights","2026-05-09T16:18:04.500568+00:00","ac36cc","SWA1254","United States","1778343480","1778343480","-73.1166","40.2217","9875.52","false","262.59","40.87","-4.88","false","0"
"9bad878c-d2b7-4992-b875-8e8676525882_10","flights","2026-05-09T16:18:04.500568+00:00","a2bbc6","UAL1624","United States","1778343481","1778343481","-73.7601","40.0177","5417.82","false","207.15","104.97","9.1","false","0"
"9bad878c-d2b7-4992-b875-8e8676525882_11","flights","2026-05-09T16:18:04.500568+00:00","44ccd0","BEL1CP","Belgium","1778343480","1778343480","-73.0237","40.7089","2606.04","false","127.13","239.08","-5.85","false","0"
"9bad878c-d2b7-4992-b875-8e8676525882_12","flights","2026-05-09T16:18:04.500568+00:00","ada936","N98EG","United States","1778343480","1778343480","-73.9512","40.8586","472.44","false","55.12","202.5","0.65","false","0"
"9bad878c-d2b7-4992-b875-8e8676525882_13","flights","2026-05-09T16:18:04.500568+00:00","a0835d","RPA4346","United States","1778343434","1778343434","-73.8701","40.7843","","true","2.06","5.62","","false","0"
"9bad878c-d2b7-4992-b875-8e8676525882_14","flights","2026-05-09T16:18:04.500568+00:00","aceb76","EDV5116","United States","1778343480","1778343480","-73.8381","40.8248","304.8","false","70.94","211.96","-3.58","false","0"
"9bad878c-d2b7-4992-b875-8e8676525882_15","flights","2026-05-09T16:18:04.500568+00:00","a0bcb7","CNS46","United States","1778343479","1778343480","-73.7742","40.7763","8229.6","false","148.17","359.2","0","false","0"
"9bad878c-d2b7-4992-b875-8e8676525882_16","flights","2026-05-09T16:18:04.500568+00:00","a50341","N422CB","United States","1778343480","1778343480","-73.014","40.6611","868.68","false","32.7","245.85","0.33","false","0"
"9bad878c-d2b7-4992-b875-8e8676525882_17","flights","2026-05-09T16:18:04.500568+00:00","a13391","DAL93","United States","1778343480","1778343480","-73.1456","40.6594","1920.24","false","127.34","254.05","-7.8","false","0"
"9bad878c-d2b7-4992-b875-8e8676525882_18","flights","2026-05-09T16:18:04.500568+00:00","a3b02e","DAL2785","United States","1778343480","1778343480","-73.2227","40.0175","11582.4","false","198.27","225.74","0","false","0"
"9bad878c-d2b7-4992-b875-8e8676525882_19","flights","2026-05-09T16:18:04.500568+00:00","ae08c0","TITUS01","United States","1778343480","1778343480","-73.3661","40.0563","8526.78","false","116.5","218.19","0.65","false","0"
"9bad878c-d2b7-4992-b875-8e8676525882_20","flights","2026-05-09T16:18:04.500568+00:00","394a02","AFR004","France","1778343480","1778343480","-73.3575","40.7207","1531.62","false","134.56","293.43","-0.65","false","0"
"9bad878c-d2b7-4992-b875-8e8676525882_21","flights","2026-05-09T16:18:04.500568+00:00","a3b04f","N337FB","United States","1778343477","1778343480","-73.3296","40.7083","335.28","false","55.69","313.13","0.33","false","0"
"9bad878c-d2b7-4992-b875-8e8676525882_22","flights","2026-05-09T16:18:04.500568+00:00","a515ad","AAL605","United States","1778343452","1778343452","-73.8716","40.7762","","true","0","165.94","","false","0"
"9bad878c-d2b7-4992-b875-8e8676525882_23","flights","2026-05-09T16:18:04.500568+00:00","a3e9f3","EJA351","United States","1778343480","1778343480","-73.099","40.1233","10980.42","false","251.73","45.33","-7.48","false","0"
"9bad878c-d2b7-4992-b875-8e8676525882_24","flights","2026-05-09T16:18:04.500568+00:00","a98445","JBU2536","United States","1778343480","1778343480","-73.5616","40.828","868.68","false","86.98","268.31","-8.45","false","0"
"9bad878c-d2b7-4992-b875-8e8676525882_25","flights","2026-05-09T16:18:04.500568+00:00","ad9712","JBU1002","United States","1778343480","1778343480","-73.5571","40.4388","1546.86","false","153.94","27.68","-5.85","false","0"
"9bad878c-d2b7-4992-b875-8e8676525882_26","flights","2026-05-09T16:18:04.500568+00:00","a2a70f","LXJ270","United States","1778343479","1778343480","-73.7338","40.4463","929.64","false","122.26","223.64","5.2","false","0"
"9bad878c-d2b7-4992-b875-8e8676525882_27","flights","2026-05-09T16:18:04.500568+00:00","71c362","AAR221","Republic of Korea","1778343480","1778343480","-73.5443","40.7937","3307.08","false","184.97","342.02","2.93","false","0"
"9bad878c-d2b7-4992-b875-8e8676525882_28","flights","2026-05-09T16:18:04.500568+00:00","aca79d","EDV5458","United States","1778343480","1778343480","-73.3951","40.6708","1234.44","false","134.42","28.33","1.63","false","0"
"9bad878c-d2b7-4992-b875-8e8676525882_29","flights","2026-05-09T16:18:04.500568+00:00","ac4668","N890MA","United States","1778343439","1778343439","-73.4146","40.7411","53.34","false","36.53","180.81","-2.6","false","0"
"9bad878c-d2b7-4992-b875-8e8676525882_30","flights","2026-05-09T16:18:04.500568+00:00","adea26","AAL1080","United States","1778343480","1778343480","-73.8435","40.9037","3680.46","false","149.68","304.07","18.53","false","0"
"9bad878c-d2b7-4992-b875-8e8676525882_31","flights","2026-05-09T16:18:04.500568+00:00","a28d12","N2634M","United States","1778343473","1778343479","-73.4363","40.7373","335.28","false","52.99","0","-0.33","false","0"
"9bad878c-d2b7-4992-b875-8e8676525882_32","flights","2026-05-09T16:18:04.500568+00:00","ac4587","KAP519","United States","1778343480","1778343481","-73.7408","40.5649","1463.04","false","67.27","105.52","5.2","false","0"
"9bad878c-d2b7-4992-b875-8e8676525882_33","flights","2026-05-09T16:18:04.500568+00:00","a97310","JBU2584","United States","1778343172","1778343172","-73.7724","40.646","","true","0","163.12","","false","0"
"9bad878c-d2b7-4992-b875-8e8676525882_34","flights","2026-05-09T16:18:04.500568+00:00","a388af","DAL1404","United States","1778343465","1778343474","-73.8603","40.7696","","true","0.06","295.31","","false","0"
"9bad878c-d2b7-4992-b875-8e8676525882_35","flights","2026-05-09T16:18:04.500568+00:00","a78cfc","JBU142","United States","1778343480","1778343480","-73.6503","40.7785","617.22","false","88.4","211.19","0","false","0"
"9bad878c-d2b7-4992-b875-8e8676525882_36","flights","2026-05-09T16:18:04.500568+00:00","a282e5","MXY1730","United States","1778343480","1778343480","-73.3841","40.5691","5189.22","false","198.44","15.33","0","false","0"
"9bad878c-d2b7-4992-b875-8e8676525882_37","flights","2026-05-09T16:18:04.500568+00:00","4b1882","SWR16F","Switzerland","1778343469","1778343472","-73.7513","40.6499","53.34","false","71.29","210.82","-3.58","false","0"
"9bad878c-d2b7-4992-b875-8e8676525882_38","flights","2026-05-09T16:18:04.500568+00:00","a2f9f5","N291HW","United States","1778343480","1778343480","-73.2355","40.9954","754.38","false","16.82","246.57","0.65","false","0"
"9bad878c-d2b7-4992-b875-8e8676525882_39","flights","2026-05-09T16:18:04.500568+00:00","a030a8","RPA4501","United States","1778343471","1778343471","-73.871","40.7762","","true","0","300.94","","false","0"
"9bad878c-d2b7-4992-b875-8e8676525882_40","flights","2026-05-09T16:18:04.500568+00:00","ace7bf","EDV5531","United States","1778343480","1778343480","-73.7349","40.8339","2080.26","false","154.86","27.5","17.23","false","0"
"9bad878c-d2b7-4992-b875-8e8676525882_41","flights","2026-05-09T16:18:04.500568+00:00","acd53d","N926JA","United States","1778343480","1778343480","-73.3578","40.8786","335.28","false","45.92","192.95","-0.33","false","0"
"9bad878c-d2b7-4992-b875-8e8676525882_42","flights","2026-05-09T16:18:04.500568+00:00","a770a2","JBU872","United States","1778343480","1778343480","-73.9592","40.8342","1234.44","false","142.09","37.2","-0.33","false","0"
"9bad878c-d2b7-4992-b875-8e8676525882_43","flights","2026-05-09T16:18:04.500568+00:00","a72f91","JIA5336","United States","1778343480","1778343480","-73.8578","40.7993","10058.4","false","251.06","35.16","-0.33","false","0"
"9bad878c-d2b7-4992-b875-8e8676525882_44","flights","2026-05-09T16:18:04.500568+00:00","a1b812","N21KH","United States","1778343480","1778343480","-73.7502","40.6427","13114.02","false","244","51.08","0","true","0"
"9bad878c-d2b7-4992-b875-8e8676525882_45","flights","2026-05-09T16:18:04.500568+00:00","a69fac","N526ER","United States","1778343480","1778343480","-73.415","40.7519","137.16","false","33.97","178.26","-2.28","false","0"
"9bad878c-d2b7-4992-b875-8e8676525882_46","flights","2026-05-09T16:18:04.500568+00:00","ad3e85","N9520Z","United States","1778343477","1778343480","-73.388","40.9128","617.22","false","38.24","259.14","0","false","0"
"9bad878c-d2b7-4992-b875-8e8676525882_47","flights","2026-05-09T16:18:04.500568+00:00","a04695","DAL2564","United States","1778343478","1778343478","-73.8698","40.777","","true","10.29","300.94","","false","0"
"9bad878c-d2b7-4992-b875-8e8676525882_48","flights","2026-05-09T16:18:04.500568+00:00","a1404b","N18WD","United States","1778343480","1778343480","-73.8576","40.5163","1836.42","false","70.26","209.38","-0.65","false","0"
"9bad878c-d2b7-4992-b875-8e8676525882_49","flights","2026-05-09T16:18:04.500568+00:00","a3e329","N35HF","United States","1778343480","1778343480","-73.6151","40.5733","152.4","false","69.03","267.01","0","false","0"
"9bad878c-d2b7-4992-b875-8e8676525882_50","flights","2026-05-09T16:18:04.500568+00:00","a44548","DAL398","United States","1778343476","1778343476","-73.8813","40.7708","","true","6.17","36.56","","false","0"
"9bad878c-d2b7-4992-b875-8e8676525882_51","flights","2026-05-09T16:18:04.500568+00:00","a06343","N124HF","United States","1778343480","1778343480","-73.0487","40.6717","701.04","false","65.99","59.04","-0.33","false","0"
"9bad878c-d2b7-4992-b875-8e8676525882_52","flights","2026-05-09T16:18:04.500568+00:00","a57945","N4518B","United States","1778343480","1778343480","-73.3746","40.618","358.14","false","48.02","135.87","1.63","false","0"
"9bad878c-d2b7-4992-b875-8e8676525882_53","flights","2026-05-09T16:18:04.500568+00:00","a4ee2e","AAL1106","United States","1778343480","1778343480","-73.7596","40.1562","3208.02","false","166.04","29.11","-8.45","false","0"
"9bad878c-d2b7-4992-b875-8e8676525882_54","flights","2026-05-09T16:18:04.500568+00:00","a335fa","DAL2099","United States","1778343448","1778343454","-73.863","40.7719","","true","0.06","157.5","","false","0"
"9bad878c-d2b7-4992-b875-8e8676525882_55","flights","2026-05-09T16:18:04.500568+00:00","a086b4","DAL454","United States","1778343380","1778343380","-73.7527","40.6481","53.34","false","66.62","210.13","-3.58","false","0"
"9bad878c-d2b7-4992-b875-8e8676525882_56","flights","2026-05-09T16:18:04.500568+00:00","a54312","RPA4358","United States","1778343407","1778343408","-73.8703","40.7757","","true","0.9","30.94","","false","0"
"9bad878c-d2b7-4992-b875-8e8676525882_57","flights","2026-05-09T16:18:04.500568+00:00","abc2e5","RPA4347","United States","1778343474","1778343474","-73.8721","40.7743","","true","4.37","106.88","","false","0"
"9bad878c-d2b7-4992-b875-8e8676525882_58","flights","2026-05-09T16:18:04.500568+00:00","71010f","SVA022","Saudi Arabia","1778343479","1778343480","-73.8066","40.595","594.36","false","101.65","210.07","5.85","false","0"
"9bad878c-d2b7-4992-b875-8e8676525882_59","flights","2026-05-09T16:18:04.500568+00:00","a73dc7","LXJ566","United States","1778343480","1778343480","-73.8069","40.3843","11811","false","195.47","257.54","7.48","false","0"
"4a36fc63-7e2c-49f3-aeca-29a8ae485e1d_0","flights","2026-05-09T16:17:48.528518+00:00","acdfcc","KAP68","United States","1778343465","1778343466","-73.6914","40.7534","800.1","false","80.63","201.33","-4.55","false","0"
"4a36fc63-7e2c-49f3-aeca-29a8ae485e1d_1","flights","2026-05-09T16:17:48.528518+00:00","a34119","DAL855","United States","1778343465","1778343465","-73.5411","40.7959","8930.64","false","254.86","50.82","-23.73","false","0"
"4a36fc63-7e2c-49f3-aeca-29a8ae485e1d_2","flights","2026-05-09T16:17:48.528518+00:00","a52aed","DAL273","United States","1778343466","1778343466","-73.4463","40.8233","1264.92","false","112.45","304.56","-7.15","false","0"
"4a36fc63-7e2c-49f3-aeca-29a8ae485e1d_3","flights","2026-05-09T16:17:48.528518+00:00","a03bcd","RPA4540","United States","1778343434","1778343434","-73.871","40.7748","","true","0.9","33.75","","false","0"
"4a36fc63-7e2c-49f3-aeca-29a8ae485e1d_4","flights","2026-05-09T16:17:48.528518+00:00","a20120","N2280Q","United States","1778343461","1778343465","-73.4321","40.7626","259.08","false","48.9","1.81","-0.98","false","0"
"4a36fc63-7e2c-49f3-aeca-29a8ae485e1d_5","flights","2026-05-09T16:17:48.528518+00:00","780a3b","CPA830","China","1778343205","1778343208","-73.7496","40.652","76.2","false","73.85","211.03","-4.23","false","0"
"4a36fc63-7e2c-49f3-aeca-29a8ae485e1d_6","flights","2026-05-09T16:17:48.528518+00:00","ac159a","RPA5599","United States","1778343462","1778343462","-73.8725","40.7783","","true","9.26","300.94","","false","0"
"4a36fc63-7e2c-49f3-aeca-29a8ae485e1d_7","flights","2026-05-09T16:17:48.528518+00:00","a213d6","MXY917","United States","1778343465","1778343465","-73.1436","40.7648","990.6","false","89.73","210.68","9.75","false","0"
"4a36fc63-7e2c-49f3-aeca-29a8ae485e1d_8","flights","2026-05-09T16:17:48.528518+00:00","ac36cc","SWA1254","United States","1778343465","1778343465","-73.1465","40.1951","9944.1","false","261.87","40.86","-5.2","false","0"
"4a36fc63-7e2c-49f3-aeca-29a8ae485e1d_9","flights","2026-05-09T16:17:48.528518+00:00","a2bbc6","UAL1624","United States","1778343465","1778343466","-73.7962","40.0252","5273.04","false","206.02","104.9","10.4","false","0"
"4a36fc63-7e2c-49f3-aeca-29a8ae485e1d_10","flights","2026-05-09T16:17:48.528518+00:00","44ccd0","BEL1CP","Belgium","1778343465","1778343465","-73.0048","40.7182","2697.48","false","127.02","231.41","-6.83","false","0"
"4a36fc63-7e2c-49f3-aeca-29a8ae485e1d_11","flights","2026-05-09T16:17:48.528518+00:00","ada936","N98EG","United States","1778343465","1778343465","-73.9477","40.8655","464.82","false","55.15","197.93","-0.65","false","0"
"4a36fc63-7e2c-49f3-aeca-29a8ae485e1d_12","flights","2026-05-09T16:17:48.528518+00:00","a0835d","RPA4346","United States","1778343434","1778343434","-73.8701","40.7843","","true","2.06","5.62","","false","0"
"4a36fc63-7e2c-49f3-aeca-29a8ae485e1d_13","flights","2026-05-09T16:17:48.528518+00:00","aceb76","EDV5116","United States","1778343465","1778343465","-73.8314","40.8329","358.14","false","70.78","212.54","-4.23","false","0"
"4a36fc63-7e2c-49f3-aeca-29a8ae485e1d_14","flights","2026-05-09T16:17:48.528518+00:00","a0bcb7","CNS46","United States","1778343463","1778343465","-73.7738","40.7542","8229.6","false","148.17","359.2","0","false","0"
"4a36fc63-7e2c-49f3-aeca-29a8ae485e1d_15","flights","2026-05-09T16:17:48.528518+00:00","a50341","N422CB","United States","1778343465","1778343465","-73.0088","40.6627","868.68","false","30.87","246.43","0.98","false","0"
"4a36fc63-7e2c-49f3-aeca-29a8ae485e1d_16","flights","2026-05-09T16:17:48.528518+00:00","a13391","DAL93","United States","1778343465","1778343465","-73.1258","40.6671","2034.54","false","125.55","238.92","-7.15","false","0"
"4a36fc63-7e2c-49f3-aeca-29a8ae485e1d_17","flights","2026-05-09T16:17:48.528518+00:00","a3b02e","DAL2785","United States","1778343465","1778343465","-73.1981","40.0359","11582.4","false","198.63","225.63","0","false","0"
"4a36fc63-7e2c-49f3-aeca-29a8ae485e1d_18","flights","2026-05-09T16:17:48.528518+00:00","ae08c0","TITUS01","United States","1778343465","1778343465","-73.3532","40.0689","8519.16","false","116.91","218.03","-0.33","false","0"
"4a36fc63-7e2c-49f3-aeca-29a8ae485e1d_19","flights","2026-05-09T16:17:48.528518+00:00","394a02","AFR004","France","1778343465","1778343465","-73.3356","40.7134","1569.72","false","134.09","293.52","-5.53","false","0"
"4a36fc63-7e2c-49f3-aeca-29a8ae485e1d_20","flights","2026-05-09T16:17:48.528518+00:00","a3b04f","N337FB","United States","1778343451","1778343455","-73.317","40.6994","365.76","false","56.41","313.15","-2.28","false","0"
"4a36fc63-7e2c-49f3-aeca-29a8ae485e1d_21","flights","2026-05-09T16:17:48.528518+00:00","a515ad","AAL605","United States","1778343452","1778343452","-73.8716","40.7762","","true","0","165.94","","false","0"
"4a36fc63-7e2c-49f3-aeca-29a8ae485e1d_22","flights","2026-05-09T16:17:48.528518+00:00","a3e9f3","EJA351","United States","1778343465","1778343465","-73.1297","40.0996","11094.72","false","251.41","43.92","-7.8","false","0"
"4a36fc63-7e2c-49f3-aeca-29a8ae485e1d_23","flights","2026-05-09T16:17:48.528518+00:00","a98445","JBU2536","United States","1778343464","1778343465","-73.5459","40.8277","944.88","false","88.54","272","0","false","0"
"4a36fc63-7e2c-49f3-aeca-29a8ae485e1d_24","flights","2026-05-09T16:17:48.528518+00:00","ad9712","JBU1002","United States","1778343465","1778343466","-73.5695","40.4206","1638.3","false","155.31","27.41","-6.83","false","0"
"4a36fc63-7e2c-49f3-aeca-29a8ae485e1d_25","flights","2026-05-09T16:17:48.528518+00:00","a2a70f","LXJ270","United States","1778343465","1778343465","-73.7192","40.4579","861.06","false","122.62","223.81","5.2","false","0"
"4a36fc63-7e2c-49f3-aeca-29a8ae485e1d_26","flights","2026-05-09T16:17:48.528518+00:00","71c362","AAR221","Republic of Korea","1778343464","1778343465","-73.5345","40.7697","3261.36","false","177.82","345.08","3.58","false","0"
"4a36fc63-7e2c-49f3-aeca-29a8ae485e1d_27","flights","2026-05-09T16:17:48.528518+00:00","aca79d","EDV5458","United States","1778343465","1778343465","-73.4065","40.6549","1226.82","false","133.73","28.24","0","false","0"
"4a36fc63-7e2c-49f3-aeca-29a8ae485e1d_28","flights","2026-05-09T16:17:48.528518+00:00","ac4668","N890MA","United States","1778343439","1778343439","-73.4146","40.7411","53.34","false","36.53","180.81","-2.6","false","0"
"4a36fc63-7e2c-49f3-aeca-29a8ae485e1d_29","flights","2026-05-09T16:17:48.528518+00:00","adea26","AAL1080","United States","1778343465","1778343465","-73.8219","40.8927","3436.62","false","148.54","304.13","13.66","false","0"
"4a36fc63-7e2c-49f3-aeca-29a8ae485e1d_30","flights","2026-05-09T16:17:48.528518+00:00","a28d12","N2634M","United States","1778343464","1778343464","-73.4363","40.7333","327.66","false","50.93","0","1.63","false","0"
"4a36fc63-7e2c-49f3-aeca-29a8ae485e1d_31","flights","2026-05-09T16:17:48.528518+00:00","ac4587","KAP519","United States","1778343465","1778343465","-73.7521","40.5677","1402.08","false","64.58","108.58","5.53","false","0"
"4a36fc63-7e2c-49f3-aeca-29a8ae485e1d_32","flights","2026-05-09T16:17:48.528518+00:00","a97310","JBU2584","United States","1778343172","1778343172","-73.7724","40.646","","true","0","163.12","","false","0"
"4a36fc63-7e2c-49f3-aeca-29a8ae485e1d_33","flights","2026-05-09T16:17:48.528518+00:00","a388af","DAL1404","United States","1778343465","1778343465","-73.8603","40.7696","","true","0.06","295.31","","false","0"
"4a36fc63-7e2c-49f3-aeca-29a8ae485e1d_34","flights","2026-05-09T16:17:48.528518+00:00","a78cfc","JBU142","United States","1778343465","1778343465","-73.642","40.7887","617.22","false","88.5","211.93","0","false","0"
"4a36fc63-7e2c-49f3-aeca-29a8ae485e1d_35","flights","2026-05-09T16:17:48.528518+00:00","a282e5","MXY1730","United States","1778343465","1778343465","-73.3934","40.5431","5189.22","false","198.44","15.33","0","false","0"
"4a36fc63-7e2c-49f3-aeca-29a8ae485e1d_36","flights","2026-05-09T16:17:48.528518+00:00","4b1882","SWR16F","Switzerland","1778343465","1778343465","-73.7495","40.6522","68.58","false","69.43","210.75","-3.25","false","0"
"4a36fc63-7e2c-49f3-aeca-29a8ae485e1d_37","flights","2026-05-09T16:17:48.528518+00:00","a2f9f5","N291HW","United States","1778343465","1778343465","-73.2318","40.997","723.9","false","33.18","240.26","0.33","false","0"
"4a36fc63-7e2c-49f3-aeca-29a8ae485e1d_38","flights","2026-05-09T16:17:48.528518+00:00","a030a8","RPA4501","United States","1778343441","1778343441","-73.871","40.7762","","true","0","300.94","","false","0"
"4a36fc63-7e2c-49f3-aeca-29a8ae485e1d_39","flights","2026-05-09T16:17:48.528518+00:00","ace7bf","EDV5531","United States","1778343465","1778343465","-73.7474","40.8156","1912.62","false","149.7","29.21","5.85","false","0"
"4a36fc63-7e2c-49f3-aeca-29a8ae485e1d_40","flights","2026-05-09T16:17:48.528518+00:00","acd53d","N926JA","United States","1778343462","1778343462","-73.3558","40.8857","335.28","false","47.32","191.92","0.98","false","0"
"4a36fc63-7e2c-49f3-aeca-29a8ae485e1d_41","flights","2026-05-09T16:17:48.528518+00:00","a770a2","JBU872","United States","1778343465","1778343465","-73.9738","40.8177","1226.82","false","150.3","24.9","0","false","0"
"4a36fc63-7e2c-49f3-aeca-29a8ae485e1d_42","flights","2026-05-09T16:17:48.528518+00:00","a72f91","JIA5336","United States","1778343465","1778343465","-73.8851","40.773","10050.78","false","253.16","40.71","-0.65","false","0"
"4a36fc63-7e2c-49f3-aeca-29a8ae485e1d_43","flights","2026-05-09T16:17:48.528518+00:00","a1b812","N21KH","United States","1778343465","1778343465","-73.7831","40.6224","13106.4","false","244.33","50.98","0.33","false","0"
"4a36fc63-7e2c-49f3-aeca-29a8ae485e1d_44","flights","2026-05-09T16:17:48.528518+00:00","a9085d","EJA681","United States","1778343465","1778343465","-73.2464","40.9836","8061.96","false","253.13","56.86","-7.8","true","0"
"4a36fc63-7e2c-49f3-aeca-29a8ae485e1d_45","flights","2026-05-09T16:17:48.528518+00:00","a69fac","N526ER","United States","1778343465","1778343465","-73.415","40.7565","167.64","false","37.04","180","-2.6","false","0"
"4a36fc63-7e2c-49f3-aeca-29a8ae485e1d_46","flights","2026-05-09T16:17:48.528518+00:00","ad3e85","N9520Z","United States","1778343465","1778343465","-73.3828","40.9137","617.22","false","34.7","254.52","0","false","0"
"4a36fc63-7e2c-49f3-aeca-29a8ae485e1d_47","flights","2026-05-09T16:17:48.528518+00:00","a04695","DAL2564","United States","1778343465","1778343465","-73.8685","40.7764","","true","9.77","300.94","","false","0"
"4a36fc63-7e2c-49f3-aeca-29a8ae485e1d_48","flights","2026-05-09T16:17:48.528518+00:00","a1404b","N18WD","United States","1778343465","1778343465","-73.8515","40.5245","1836.42","false","68.66","209.64","0","false","0"
"4a36fc63-7e2c-49f3-aeca-29a8ae485e1d_49","flights","2026-05-09T16:17:48.528518+00:00","a3e329","N35HF","United States","1778343465","1778343465","-73.603","40.5738","152.4","false","68.52","266.99","0","false","0"
"4a36fc63-7e2c-49f3-aeca-29a8ae485e1d_50","flights","2026-05-09T16:17:48.528518+00:00","a44548","DAL398","United States","1778343441","1778343441","-73.8819","40.7718","","true","14.92","210.94","","false","0"
"4a36fc63-7e2c-49f3-aeca-29a8ae485e1d_51","flights","2026-05-09T16:17:48.528518+00:00","a06343","N124HF","United States","1778343465","1778343465","-73.0563","40.6735","701.04","false","41.06","142.13","-0.33","false","0"
"4a36fc63-7e2c-49f3-aeca-29a8ae485e1d_52","flights","2026-05-09T16:17:48.528518+00:00","a57945","N4518B","United States","1778343459","1778343460","-73.381","40.6255","350.52","false","46.03","152","-0.33","false","0"
"4a36fc63-7e2c-49f3-aeca-29a8ae485e1d_53","flights","2026-05-09T16:17:48.528518+00:00","a4ee2e","AAL1106","United States","1778343465","1778343465","-73.7737","40.1368","3299.46","false","168.14","29.31","-2.6","false","0"
"4a36fc63-7e2c-49f3-aeca-29a8ae485e1d_54","flights","2026-05-09T16:17:48.528518+00:00","a335fa","DAL2099","United States","1778343448","1778343454","-73.863","40.7719","","true","0.06","157.5","","false","0"
"4a36fc63-7e2c-49f3-aeca-29a8ae485e1d_55","flights","2026-05-09T16:17:48.528518+00:00","a086b4","DAL454","United States","1778343380","1778343380","-73.7527","40.6481","53.34","false","66.62","210.13","-3.58","false","0"
"4a36fc63-7e2c-49f3-aeca-29a8ae485e1d_56","flights","2026-05-09T16:17:48.528518+00:00","a54312","RPA4358","United States","1778343407","1778343408","-73.8703","40.7757","","true","0.9","30.94","","false","0"
"4a36fc63-7e2c-49f3-aeca-29a8ae485e1d_57","flights","2026-05-09T16:17:48.528518+00:00","acd120","DAL2719","United States","1778343162","1778343163","-73.8609","40.7701","","true","0.32","132.19","","false","0"
"4a36fc63-7e2c-49f3-aeca-29a8ae485e1d_58","flights","2026-05-09T16:17:48.528518+00:00","abc2e5","RPA4347","United States","1778343447","1778343452","-73.873","40.7743","","true","0","90","","false","0"
"4a36fc63-7e2c-49f3-aeca-29a8ae485e1d_59","flights","2026-05-09T16:17:48.528518+00:00","71010f","SVA022","Saudi Arabia","1778343464","1778343465","-73.7972","40.6071","441.96","false","98.11","211.27","12.03","false","0"
"4a36fc63-7e2c-49f3-aeca-29a8ae485e1d_60","flights","2026-05-09T16:17:48.528518+00:00","a73dc7","LXJ566","United States","1778343465","1778343465","-73.7733","40.3909","11711.94","false","194.94","252.81","6.83","false","0"
"396d0d19-13a2-48f3-8123-58c250172389_0","flights","2026-05-09T16:17:32.657111+00:00","acdfcc","KAP68","United States","1778343441","1778343441","-73.6829","40.7691","906.78","false","73.45","208.9","-2.93","false","0"
"396d0d19-13a2-48f3-8123-58c250172389_1","flights","2026-05-09T16:17:32.657111+00:00","801659","AIC102","India","1778343441","1778343441","-73.3567","40.9946","4198.62","false","212.31","22.96","5.53","false","0"
"396d0d19-13a2-48f3-8123-58c250172389_2","flights","2026-05-09T16:17:32.657111+00:00","a34119","DAL855","United States","1778343441","1778343441","-73.5963","40.7617","9342.12","false","251.17","50.74","-5.53","false","0"
"396d0d19-13a2-48f3-8123-58c250172389_3","flights","2026-05-09T16:17:32.657111+00:00","a52aed","DAL273","United States","1778343441","1778343441","-73.4189","40.8089","1402.08","false","114.59","304.76","-4.23","false","0"
"396d0d19-13a2-48f3-8123-58c250172389_4","flights","2026-05-09T16:17:32.657111+00:00","a03bcd","RPA4540","United States","1778343434","1778343434","-73.871","40.7748","","true","0.9","33.75","","false","0"
"396d0d19-13a2-48f3-8123-58c250172389_5","flights","2026-05-09T16:17:32.657111+00:00","a20120","N2280Q","United States","1778343433","1778343439","-73.4318","40.7499","320.04","false","50.97","357.69","-1.95","false","0"
"396d0d19-13a2-48f3-8123-58c250172389_6","flights","2026-05-09T16:17:32.657111+00:00","780a3b","CPA830","China","1778343205","1778343208","-73.7496","40.652","76.2","false","73.85","211.03","-4.23","false","0"
"396d0d19-13a2-48f3-8123-58c250172389_7","flights","2026-05-09T16:17:32.657111+00:00","ac159a","RPA5599","United States","1778343441","1778343441","-73.8707","40.7775","","true","6.69","300.94","","false","0"
"396d0d19-13a2-48f3-8123-58c250172389_8","flights","2026-05-09T16:17:32.657111+00:00","a213d6","MXY917","United States","1778343441","1778343441","-73.1272","40.778","670.56","false","75.68","226.1","12.03","false","0"
"396d0d19-13a2-48f3-8123-58c250172389_9","flights","2026-05-09T16:17:32.657111+00:00","ac36cc","SWA1254","United States","1778343441","1778343441","-73.1944","40.1526","10066.02","false","260.42","40.83","-4.88","false","0"
"396d0d19-13a2-48f3-8123-58c250172389_10","flights","2026-05-09T16:17:32.657111+00:00","a2bbc6","UAL1624","United States","1778343441","1778343441","-73.8516","40.0366","5029.2","false","205.16","105.12","10.73","false","0"
"396d0d19-13a2-48f3-8123-58c250172389_11","flights","2026-05-09T16:17:32.657111+00:00","ada936","N98EG","United States","1778343441","1778343441","-73.9425","40.8762","472.44","false","47.29","202.38","0.65","false","0"
"396d0d19-13a2-48f3-8123-58c250172389_12","flights","2026-05-09T16:17:32.657111+00:00","a0835d","RPA4346","United States","1778343434","1778343434","-73.8701","40.7843","","true","2.06","5.62","","false","0"
"396d0d19-13a2-48f3-8123-58c250172389_13","flights","2026-05-09T16:17:32.657111+00:00","aceb76","EDV5116","United States","1778343441","1778343441","-73.8206","40.8458","464.82","false","72.8","212.01","-5.2","false","0"
"396d0d19-13a2-48f3-8123-58c250172389_14","flights","2026-05-09T16:17:32.657111+00:00","a0bcb7","CNS46","United States","1778343440","1778343441","-73.7733","40.7243","8229.6","false","148.17","359.4","0","false","0"
"396d0d19-13a2-48f3-8123-58c250172389_15","flights","2026-05-09T16:17:32.657111+00:00","a50341","N422CB","United States","1778343441","1778343441","-73.002","40.6662","845.82","false","28.71","233.75","-0.33","false","0"
"396d0d19-13a2-48f3-8123-58c250172389_16","flights","2026-05-09T16:17:32.657111+00:00","a13391","DAL93","United States","1778343441","1778343441","-73.0957","40.6811","2202.18","false","125.2","238.27","-7.15","false","0"
"396d0d19-13a2-48f3-8123-58c250172389_17","flights","2026-05-09T16:17:32.657111+00:00","a3b02e","DAL2785","United States","1778343441","1778343441","-73.158","40.066","11582.4","false","199","225.73","0","false","0"
"396d0d19-13a2-48f3-8123-58c250172389_18","flights","2026-05-09T16:17:32.657111+00:00","ae08c0","TITUS01","United States","1778343441","1778343441","-73.3331","40.0886","8519.16","false","116.5","218.19","-0.33","false","0"
"396d0d19-13a2-48f3-8123-58c250172389_19","flights","2026-05-09T16:17:32.657111+00:00","394a02","AFR004","France","1778343441","1778343441","-73.3008","40.7019","1714.5","false","135.5","293.26","-5.53","false","0"
"396d0d19-13a2-48f3-8123-58c250172389_20","flights","2026-05-09T16:17:32.657111+00:00","a3b04f","N337FB","United States","1778343417","1778343439","-73.3025","40.6863","365.76","false","56.48","318.32","-0.98","false","0"
"396d0d19-13a2-48f3-8123-58c250172389_21","flights","2026-05-09T16:17:32.657111+00:00","a515ad","AAL605","United States","1778343357","1778343362","-73.8716","40.7762","","true","0","165.94","","false","0"
"396d0d19-13a2-48f3-8123-58c250172389_22","flights","2026-05-09T16:17:32.657111+00:00","a3e9f3","EJA351","United States","1778343441","1778343441","-73.1788","40.0604","11254.74","false","253.23","43.85","-4.88","false","0"
"396d0d19-13a2-48f3-8123-58c250172389_23","flights","2026-05-09T16:17:32.657111+00:00","a98445","JBU2536","United States","1778343440","1778343441","-73.5188","40.8261","922.02","false","105.07","283.02","0.33","false","0"
"396d0d19-13a2-48f3-8123-58c250172389_24","flights","2026-05-09T16:17:32.657111+00:00","ad9712","JBU1002","United States","1778343441","1778343441","-73.5901","40.3905","1805.94","false","156.72","28","-7.15","false","0"
"396d0d19-13a2-48f3-8123-58c250172389_25","flights","2026-05-09T16:17:32.657111+00:00","a2a70f","LXJ270","United States","1778343441","1778343441","-73.6951","40.4771","739.14","false","121.89","223.8","5.2","false","0"
"396d0d19-13a2-48f3-8123-58c250172389_26","flights","2026-05-09T16:17:32.657111+00:00","71c362","AAR221","Republic of Korea","1778343441","1778343441","-73.5296","40.7332","3177.54","false","169.8","1.22","3.58","false","0"
"396d0d19-13a2-48f3-8123-58c250172389_27","flights","2026-05-09T16:17:32.657111+00:00","aca79d","EDV5458","United States","1778343440","1778343441","-73.4253","40.6284","1226.82","false","134.42","28.33","0","false","0"
"396d0d19-13a2-48f3-8123-58c250172389_28","flights","2026-05-09T16:17:32.657111+00:00","ac4668","N890MA","United States","1778343439","1778343439","-73.4146","40.7411","53.34","false","36.53","180.81","-2.6","false","0"
"396d0d19-13a2-48f3-8123-58c250172389_29","flights","2026-05-09T16:17:32.657111+00:00","adea26","AAL1080","United States","1778343441","1778343441","-73.7872","40.8745","3108.96","false","142.21","305.87","15.28","false","0"
"396d0d19-13a2-48f3-8123-58c250172389_30","flights","2026-05-09T16:17:32.657111+00:00","a28d12","N2634M","United States","1778343440","1778343440","-73.4364","40.7233","320.04","false","49.97","357.05","1.3","false","0"
"396d0d19-13a2-48f3-8123-58c250172389_31","flights","2026-05-09T16:17:32.657111+00:00","ac4587","KAP519","United States","1778343441","1778343441","-73.7697","40.5719","1249.68","false","63.32","106.52","5.2","false","0"
"396d0d19-13a2-48f3-8123-58c250172389_32","flights","2026-05-09T16:17:32.657111+00:00","a97310","JBU2584","United States","1778343172","1778343172","-73.7724","40.646","","true","0","163.12","","false","0"
"396d0d19-13a2-48f3-8123-58c250172389_33","flights","2026-05-09T16:17:32.657111+00:00","a388af","DAL1404","United States","1778343430","1778343436","-73.8603","40.7696","","true","0.06","295.31","","false","0"
"396d0d19-13a2-48f3-8123-58c250172389_34","flights","2026-05-09T16:17:32.657111+00:00","a78cfc","JBU142","United States","1778343441","1778343441","-73.6273","40.8044","617.22","false","89.12","224.77","0","false","0"
"396d0d19-13a2-48f3-8123-58c250172389_35","flights","2026-05-09T16:17:32.657111+00:00","a282e5","MXY1730","United States","1778343441","1778343441","-73.4085","40.5011","5189.22","false","198.44","15.33","0","false","0"
"396d0d19-13a2-48f3-8123-58c250172389_36","flights","2026-05-09T16:17:32.657111+00:00","4b1882","SWR16F","Switzerland","1778343441","1778343441","-73.7392","40.6653","160.02","false","71.38","211.74","-3.25","false","0"
"396d0d19-13a2-48f3-8123-58c250172389_37","flights","2026-05-09T16:17:32.657111+00:00","a030a8","RPA4501","United States","1778343441","1778343441","-73.871","40.7762","","true","0","300.94","","false","0"
"396d0d19-13a2-48f3-8123-58c250172389_38","flights","2026-05-09T16:17:32.657111+00:00","ace7bf","EDV5531","United States","1778343441","1778343441","-73.7715","40.7913","1645.92","false","139.43","47.24","13.66","false","0"
"396d0d19-13a2-48f3-8123-58c250172389_39","flights","2026-05-09T16:17:32.657111+00:00","acd53d","N926JA","United States","1778343440","1778343440","-73.3528","40.8953","327.66","false","49.16","193.31","0","false","0"
"396d0d19-13a2-48f3-8123-58c250172389_40","flights","2026-05-09T16:17:32.657111+00:00","a770a2","JBU872","United States","1778343441","1778343441","-73.9844","40.786","1226.82","false","152.26","10.51","0.33","false","0"
"396d0d19-13a2-48f3-8123-58c250172389_41","flights","2026-05-09T16:17:32.657111+00:00","a72f91","JIA5336","United States","1778343442","1778343442","-73.9318","40.732","10058.4","false","253.11","40.88","0","false","0"
"396d0d19-13a2-48f3-8123-58c250172389_42","flights","2026-05-09T16:17:32.657111+00:00","a1b812","N21KH","United States","1778343441","1778343441","-73.8365","40.5894","13106.4","false","243.93","50.91","0","false","0"
"396d0d19-13a2-48f3-8123-58c250172389_43","flights","2026-05-09T16:17:32.657111+00:00","a9085d","EJA681","United States","1778343441","1778343441","-73.3035","40.9511","8221.98","false","253.18","48.05","-2.93","true","0"
"396d0d19-13a2-48f3-8123-58c250172389_44","flights","2026-05-09T16:17:32.657111+00:00","a69fac","N526ER","United States","1778343441","1778343441","-73.4145","40.765","251.46","false","40.6","202.34","-4.88","false","0"
"396d0d19-13a2-48f3-8123-58c250172389_45","flights","2026-05-09T16:17:32.657111+00:00","ad3e85","N9520Z","United States","1778343441","1778343441","-73.3736","40.9155","624.84","false","33.2","257.47","-2.6","false","0"
"396d0d19-13a2-48f3-8123-58c250172389_46","flights","2026-05-09T16:17:32.657111+00:00","a04695","DAL2564","United States","1778343436","1778343436","-73.8658","40.7751","","true","8.23","300.94","","false","0"
"396d0d19-13a2-48f3-8123-58c250172389_47","flights","2026-05-09T16:17:32.657111+00:00","a1404b","N18WD","United States","1778343441","1778343441","-73.8421","40.5374","1836.42","false","68.41","209.26","0","false","0"
"396d0d19-13a2-48f3-8123-58c250172389_48","flights","2026-05-09T16:17:32.657111+00:00","a3e329","N35HF","United States","1778343440","1778343440","-73.5831","40.5746","152.4","false","68.1","265.67","0","false","0"
"396d0d19-13a2-48f3-8123-58c250172389_49","flights","2026-05-09T16:17:32.657111+00:00","a44548","DAL398","United States","1778343441","1778343441","-73.8819","40.7718","","true","14.92","210.94","","false","0"
"396d0d19-13a2-48f3-8123-58c250172389_50","flights","2026-05-09T16:17:32.657111+00:00","a06343","N124HF","United States","1778343441","1778343441","-73.0627","40.6804","731.52","false","39.24","145.68","-0.98","false","0"
"396d0d19-13a2-48f3-8123-58c250172389_51","flights","2026-05-09T16:17:32.657111+00:00","a57945","N4518B","United States","1778343440","1778343440","-73.3825","40.6323","342.9","false","37.81","194.98","0.65","false","0"
"396d0d19-13a2-48f3-8123-58c250172389_52","flights","2026-05-09T16:17:32.657111+00:00","a4ee2e","AAL1106","United States","1778343441","1778343441","-73.7969","40.1051","3352.8","false","169.29","29.29","0.33","false","0"
"396d0d19-13a2-48f3-8123-58c250172389_53","flights","2026-05-09T16:17:32.657111+00:00","a335fa","DAL2099","United States","1778343359","1778343424","-73.863","40.7719","","true","0.06","157.5","","false","0"
"396d0d19-13a2-48f3-8123-58c250172389_54","flights","2026-05-09T16:17:32.657111+00:00","a086b4","DAL454","United States","1778343380","1778343380","-73.7527","40.6481","53.34","false","66.62","210.13","-3.58","false","0"
"396d0d19-13a2-48f3-8123-58c250172389_55","flights","2026-05-09T16:17:32.657111+00:00","a54312","RPA4358","United States","1778343407","1778343408","-73.8703","40.7757","","true","0.9","30.94","","false","0"
"396d0d19-13a2-48f3-8123-58c250172389_56","flights","2026-05-09T16:17:32.657111+00:00","a1b092","RPA5761","United States","1778343134","1778343134","-73.8731","40.7807","","true","7.2","33.75","","false","0"
"396d0d19-13a2-48f3-8123-58c250172389_57","flights","2026-05-09T16:17:32.657111+00:00","acd120","DAL2719","United States","1778343162","1778343163","-73.8609","40.7701","","true","0.32","132.19","","false","0"
"396d0d19-13a2-48f3-8123-58c250172389_58","flights","2026-05-09T16:17:32.657111+00:00","abc2e5","RPA4347","United States","1778343432","1778343436","-73.873","40.7743","","true","0","90","","false","0"
"396d0d19-13a2-48f3-8123-58c250172389_59","flights","2026-05-09T16:17:32.657111+00:00","a73dc7","LXJ566","United States","1778343441","1778343441","-73.7212","40.4041","11551.92","false","193.59","251.57","5.85","false","0"
"33571c68-4a6f-45cd-a4f5-d41f115c14a0_0","flights","2026-05-09T16:17:16.978169+00:00","acdfcc","KAP68","United States","1778343430","1778343430","-73.6781","40.7752","922.02","false","70.91","213.46","0","false","0"
"33571c68-4a6f-45cd-a4f5-d41f115c14a0_1","flights","2026-05-09T16:17:16.978169+00:00","801659","AIC102","India","1778343430","1778343430","-73.3679","40.9745","4130.04","false","209.54","22.98","9.75","false","0"
"33571c68-4a6f-45cd-a4f5-d41f115c14a0_2","flights","2026-05-09T16:17:16.978169+00:00","a34119","DAL855","United States","1778343430","1778343430","-73.6213","40.746","9410.7","false","252.22","50.63","-7.15","false","0"
"33571c68-4a6f-45cd-a4f5-d41f115c14a0_3","flights","2026-05-09T16:17:16.978169+00:00","a52aed","DAL273","United States","1778343430","1778343430","-73.4066","40.8024","1440.18","false","117.59","304.66","-2.6","false","0"
"33571c68-4a6f-45cd-a4f5-d41f115c14a0_4","flights","2026-05-09T16:17:16.978169+00:00","a03bcd","RPA4540","United States","1778343426","1778343426","-73.8711","40.7747","","true","0.9","33.75","","false","0"
"33571c68-4a6f-45cd-a4f5-d41f115c14a0_5","flights","2026-05-09T16:17:16.978169+00:00","a20120","N2280Q","United States","1778343429","1778343430","-73.4318","40.7477","320.04","false","54.54","358.92","-0.98","false","0"
"33571c68-4a6f-45cd-a4f5-d41f115c14a0_6","flights","2026-05-09T16:17:16.978169+00:00","780a3b","CPA830","China","1778343205","1778343208","-73.7496","40.652","76.2","false","73.85","211.03","-4.23","false","0"
"33571c68-4a6f-45cd-a4f5-d41f115c14a0_7","flights","2026-05-09T16:17:16.978169+00:00","ac159a","RPA5599","United States","1778343427","1778343427","-73.8697","40.777","","true","7.46","300.94","","false","0"
"33571c68-4a6f-45cd-a4f5-d41f115c14a0_8","flights","2026-05-09T16:17:16.978169+00:00","a213d6","MXY917","United States","1778343430","1778343430","-73.1204","40.7829","502.92","false","69.5","226.5","21.78","false","0"
"33571c68-4a6f-45cd-a4f5-d41f115c14a0_9","flights","2026-05-09T16:17:16.978169+00:00","ac36cc","SWA1254","United States","1778343430","1778343430","-73.2161","40.1333","10111.74","false","260.08","40.75","-4.88","false","0"
"33571c68-4a6f-45cd-a4f5-d41f115c14a0_10","flights","2026-05-09T16:17:16.978169+00:00","a2bbc6","UAL1624","United States","1778343430","1778343430","-73.8772","40.0419","4907.28","false","205.52","104.94","9.43","false","0"
"33571c68-4a6f-45cd-a4f5-d41f115c14a0_11","flights","2026-05-09T16:17:16.978169+00:00","ada936","N98EG","United States","1778343430","1778343430","-73.9404","40.8803","464.82","false","44.44","200.32","0","false","0"
"33571c68-4a6f-45cd-a4f5-d41f115c14a0_12","flights","2026-05-09T16:17:16.978169+00:00","a0835d","RPA4346","United States","1778343429","1778343429","-73.8701","40.7842","","true","2.06","5.62","","false","0"
"33571c68-4a6f-45cd-a4f5-d41f115c14a0_13","flights","2026-05-09T16:17:16.978169+00:00","aceb76","EDV5116","United States","1778343430","1778343430","-73.8156","40.8519","518.16","false","76.51","212.09","-3.58","false","0"
"33571c68-4a6f-45cd-a4f5-d41f115c14a0_14","flights","2026-05-09T16:17:16.978169+00:00","a0bcb7","CNS46","United States","1778343429","1778343430","-73.7731","40.7096","8229.6","false","148.17","359.4","0","false","0"
"33571c68-4a6f-45cd-a4f5-d41f115c14a0_15","flights","2026-05-09T16:17:16.978169+00:00","a13391","DAL93","United States","1778343430","1778343430","-73.0817","40.6876","2278.38","false","125.04","237.94","-7.15","false","0"
"33571c68-4a6f-45cd-a4f5-d41f115c14a0_16","flights","2026-05-09T16:17:16.978169+00:00","a3b02e","DAL2785","United States","1778343430","1778343430","-73.1393","40.08","11582.4","false","199.36","225.63","0","false","0"
"33571c68-4a6f-45cd-a4f5-d41f115c14a0_17","flights","2026-05-09T16:17:16.978169+00:00","ae08c0","TITUS01","United States","1778343430","1778343430","-73.3235","40.098","8519.16","false","116.5","218.19","0.33","false","0"
"33571c68-4a6f-45cd-a4f5-d41f115c14a0_18","flights","2026-05-09T16:17:16.978169+00:00","394a02","AFR004","France","1778343430","1778343430","-73.2842","40.6966","1767.84","false","137.09","292.04","-4.23","false","0"
"33571c68-4a6f-45cd-a4f5-d41f115c14a0_19","flights","2026-05-09T16:17:16.978169+00:00","a3b04f","N337FB","United States","1778343417","1778343417","-73.3025","40.6863","365.76","false","57.09","327.89","0.33","false","0"
"33571c68-4a6f-45cd-a4f5-d41f115c14a0_20","flights","2026-05-09T16:17:16.978169+00:00","a515ad","AAL605","United States","1778343357","1778343362","-73.8716","40.7762","","true","0","165.94","","false","0"
"33571c68-4a6f-45cd-a4f5-d41f115c14a0_21","flights","2026-05-09T16:17:16.978169+00:00","a3e9f3","EJA351","United States","1778343430","1778343430","-73.2015","40.0423","11277.6","false","255.06","43.77","0","false","0"
"33571c68-4a6f-45cd-a4f5-d41f115c14a0_22","flights","2026-05-09T16:17:16.978169+00:00","a98445","JBU2536","United States","1778343430","1778343430","-73.5058","40.822","929.64","false","112.33","302.09","-0.65","false","0"
"33571c68-4a6f-45cd-a4f5-d41f115c14a0_23","flights","2026-05-09T16:17:16.978169+00:00","ad9712","JBU1002","United States","1778343430","1778343430","-73.5997","40.3769","1889.76","false","156.76","28.42","-7.8","false","0"
"33571c68-4a6f-45cd-a4f5-d41f115c14a0_24","flights","2026-05-09T16:17:16.978169+00:00","a2a70f","LXJ270","United States","1778343429","1778343430","-73.6839","40.4861","678.18","false","121.89","223.8","4.88","false","0"
"33571c68-4a6f-45cd-a4f5-d41f115c14a0_25","flights","2026-05-09T16:17:16.978169+00:00","71c362","AAR221","Republic of Korea","1778343430","1778343430","-73.5301","40.7167","3139.44","false","164.17","1.62","3.58","false","0"
"33571c68-4a6f-45cd-a4f5-d41f115c14a0_26","flights","2026-05-09T16:17:16.978169+00:00","aca79d","EDV5458","United States","1778343430","1778343430","-73.4327","40.6178","1226.82","false","134.42","28.33","0","false","0"
"33571c68-4a6f-45cd-a4f5-d41f115c14a0_27","flights","2026-05-09T16:17:16.978169+00:00","ac4668","N890MA","United States","1778343430","1778343430","-73.4146","40.7441","83.82","false","37.04","180.8","-2.28","false","0"
"33571c68-4a6f-45cd-a4f5-d41f115c14a0_28","flights","2026-05-09T16:17:16.978169+00:00","adea26","AAL1080","United States","1778343430","1778343430","-73.7724","40.8663","2918.46","false","142.3","306.62","17.23","false","0"
"33571c68-4a6f-45cd-a4f5-d41f115c14a0_29","flights","2026-05-09T16:17:16.978169+00:00","a28d12","N2634M","United States","1778343356","1778343365","-73.4144","40.7123","281.94","false","37.23","191.15","4.23","false","0"
"33571c68-4a6f-45cd-a4f5-d41f115c14a0_30","flights","2026-05-09T16:17:16.978169+00:00","ac4587","KAP519","United States","1778343430","1778343431","-73.7772","40.5735","1188.72","false","62.4","105.3","5.85","false","0"
"33571c68-4a6f-45cd-a4f5-d41f115c14a0_31","flights","2026-05-09T16:17:16.978169+00:00","a97310","JBU2584","United States","1778343172","1778343172","-73.7724","40.646","","true","0","163.12","","false","0"
"33571c68-4a6f-45cd-a4f5-d41f115c14a0_32","flights","2026-05-09T16:17:16.978169+00:00","a388af","DAL1404","United States","1778343430","1778343430","-73.8603","40.7696","","true","0.06","295.31","","false","0"
"33571c68-4a6f-45cd-a4f5-d41f115c14a0_33","flights","2026-05-09T16:17:16.978169+00:00","a78cfc","JBU142","United States","1778343430","1778343430","-73.618","40.8099","617.22","false","89.82","238.59","0","false","0"
"33571c68-4a6f-45cd-a4f5-d41f115c14a0_34","flights","2026-05-09T16:17:16.978169+00:00","a282e5","MXY1730","United States","1778343430","1778343430","-73.4151","40.4827","5189.22","false","197.94","15.37","0","false","0"
"33571c68-4a6f-45cd-a4f5-d41f115c14a0_35","flights","2026-05-09T16:17:16.978169+00:00","4b1882","SWR16F","Switzerland","1778343430","1778343430","-73.7344","40.6713","198.12","false","70.14","210.89","-3.25","false","0"
"33571c68-4a6f-45cd-a4f5-d41f115c14a0_36","flights","2026-05-09T16:17:16.978169+00:00","a030a8","RPA4501","United States","1778343411","1778343411","-73.871","40.7762","","true","0","300.94","","false","0"
"33571c68-4a6f-45cd-a4f5-d41f115c14a0_37","flights","2026-05-09T16:17:16.978169+00:00","ace7bf","EDV5531","United States","1778343430","1778343430","-73.7855","40.7823","1501.14","false","136.67","51.88","13.33","false","0"
"33571c68-4a6f-45cd-a4f5-d41f115c14a0_38","flights","2026-05-09T16:17:16.978169+00:00","acd53d","N926JA","United States","1778343419","1778343419","-73.3495","40.9045","335.28","false","51.96","191.42","-2.28","false","0"
"33571c68-4a6f-45cd-a4f5-d41f115c14a0_39","flights","2026-05-09T16:17:16.978169+00:00","a770a2","JBU872","United States","1778343430","1778343430","-73.9879","40.7713","1226.82","false","153.27","10.44","0.33","false","0"
"33571c68-4a6f-45cd-a4f5-d41f115c14a0_40","flights","2026-05-09T16:17:16.978169+00:00","a72f91","JIA5336","United States","1778343431","1778343431","-73.9531","40.7132","10058.4","false","253.11","40.88","-0.33","false","0"
"33571c68-4a6f-45cd-a4f5-d41f115c14a0_41","flights","2026-05-09T16:17:16.978169+00:00","a1b812","N21KH","United States","1778343430","1778343430","-73.8613","40.574","13106.4","false","243.93","50.91","0","false","0"
"33571c68-4a6f-45cd-a4f5-d41f115c14a0_42","flights","2026-05-09T16:17:16.978169+00:00","a9085d","EJA681","United States","1778343430","1778343430","-73.3284","40.9341","8229.6","false","253.14","47.88","0","true","0"
"33571c68-4a6f-45cd-a4f5-d41f115c14a0_43","flights","2026-05-09T16:17:16.978169+00:00","a69fac","N526ER","United States","1778343430","1778343430","-73.4112","40.768","312.42","false","41.48","246.61","-4.55","false","0"
"33571c68-4a6f-45cd-a4f5-d41f115c14a0_44","flights","2026-05-09T16:17:16.978169+00:00","ad3e85","N9520Z","United States","1778343430","1778343430","-73.3698","40.9161","647.7","false","31.48","258.69","-2.6","false","0"
"33571c68-4a6f-45cd-a4f5-d41f115c14a0_45","flights","2026-05-09T16:17:16.978169+00:00","a04695","DAL2564","United States","1778343429","1778343429","-73.8652","40.7748","","true","7.72","300.94","","false","0"
"33571c68-4a6f-45cd-a4f5-d41f115c14a0_46","flights","2026-05-09T16:17:16.978169+00:00","a1404b","N18WD","United States","1778343431","1778343431","-73.8378","40.5431","1836.42","false","68.41","209.26","0.65","false","0"
"33571c68-4a6f-45cd-a4f5-d41f115c14a0_47","flights","2026-05-09T16:17:16.978169+00:00","a3e329","N35HF","United States","1778343430","1778343430","-73.5746","40.5752","152.4","false","67.08","261.62","0","false","0"
"33571c68-4a6f-45cd-a4f5-d41f115c14a0_48","flights","2026-05-09T16:17:16.978169+00:00","a44548","DAL398","United States","1778343427","1778343427","-73.8793","40.775","","true","47.33","213.75","","false","0"
"33571c68-4a6f-45cd-a4f5-d41f115c14a0_49","flights","2026-05-09T16:17:16.978169+00:00","a06343","N124HF","United States","1778343430","1778343430","-73.0656","40.6837","731.52","false","37.85","148.9","0","false","0"
"33571c68-4a6f-45cd-a4f5-d41f115c14a0_50","flights","2026-05-09T16:17:16.978169+00:00","a57945","N4518B","United States","1778343429","1778343429","-73.3806","40.6356","342.9","false","37.14","210.83","-0.98","false","0"
"33571c68-4a6f-45cd-a4f5-d41f115c14a0_51","flights","2026-05-09T16:17:16.978169+00:00","a4ee2e","AAL1106","United States","1778343430","1778343430","-73.8074","40.0905","3352.8","false","169.04","29.14","0","false","0"
"33571c68-4a6f-45cd-a4f5-d41f115c14a0_52","flights","2026-05-09T16:17:16.978169+00:00","a335fa","DAL2099","United States","1778343359","1778343424","-73.863","40.7719","","true","0.06","157.5","","false","0"
"33571c68-4a6f-45cd-a4f5-d41f115c14a0_53","flights","2026-05-09T16:17:16.978169+00:00","a086b4","DAL454","United States","1778343380","1778343380","-73.7527","40.6481","53.34","false","66.62","210.13","-3.58","false","0"
"33571c68-4a6f-45cd-a4f5-d41f115c14a0_54","flights","2026-05-09T16:17:16.978169+00:00","a54312","RPA4358","United States","1778343407","1778343408","-73.8703","40.7757","","true","0.9","30.94","","false","0"
"33571c68-4a6f-45cd-a4f5-d41f115c14a0_55","flights","2026-05-09T16:17:16.978169+00:00","a1b092","RPA5761","United States","1778343134","1778343134","-73.8731","40.7807","","true","7.2","33.75","","false","0"
"33571c68-4a6f-45cd-a4f5-d41f115c14a0_56","flights","2026-05-09T16:17:16.978169+00:00","acd120","DAL2719","United States","1778343162","1778343163","-73.8609","40.7701","","true","0.32","132.19","","false","0"
"33571c68-4a6f-45cd-a4f5-d41f115c14a0_57","flights","2026-05-09T16:17:16.978169+00:00","abc2e5","RPA4347","United States","1778343411","1778343412","-73.873","40.7743","","true","0","90","","false","0"
"33571c68-4a6f-45cd-a4f5-d41f115c14a0_58","flights","2026-05-09T16:17:16.978169+00:00","a73dc7","LXJ566","United States","1778343430","1778343430","-73.6976","40.4102","11483.34","false","192.13","251.42","6.18","false","0"
"a1ef3c96-040d-46f8-b4ec-c710ae4a8ad1_0","flights","2026-05-09T16:17:01.160585+00:00","acdfcc","KAP68","United States","1778343415","1778343415","-73.6704","40.7828","922.02","false","71.33","223.25","0","false","0"
"a1ef3c96-040d-46f8-b4ec-c710ae4a8ad1_1","flights","2026-05-09T16:17:01.160585+00:00","801659","AIC102","India","1778343415","1778343415","-73.3826","40.9484","3909.06","false","212.31","22.96","13.66","false","0"
"a1ef3c96-040d-46f8-b4ec-c710ae4a8ad1_2","flights","2026-05-09T16:17:01.160585+00:00","a34119","DAL855","United States","1778343415","1778343415","-73.6558","40.7246","9517.38","false","253.34","50.69","-7.48","false","0"
"a1ef3c96-040d-46f8-b4ec-c710ae4a8ad1_3","flights","2026-05-09T16:17:01.160585+00:00","a52aed","DAL273","United States","1778343415","1778343416","-73.3896","40.7935","1478.28","false","122.73","304.76","-3.58","false","0"
"a1ef3c96-040d-46f8-b4ec-c710ae4a8ad1_4","flights","2026-05-09T16:17:01.160585+00:00","a03bcd","RPA4540","United States","1778343413","1778343414","-73.8712","40.7746","","true","0.77","33.75","","false","0"
"a1ef3c96-040d-46f8-b4ec-c710ae4a8ad1_5","flights","2026-05-09T16:17:01.160585+00:00","a20120","N2280Q","United States","1778343412","1778343412","-73.4317","40.7393","342.9","false","54.55","358.38","-0.65","false","0"
"a1ef3c96-040d-46f8-b4ec-c710ae4a8ad1_6","flights","2026-05-09T16:17:01.160585+00:00","780a3b","CPA830","China","1778343205","1778343208","-73.7496","40.652","76.2","false","73.85","211.03","-4.23","false","0"
"a1ef3c96-040d-46f8-b4ec-c710ae4a8ad1_7","flights","2026-05-09T16:17:01.160585+00:00","ac159a","RPA5599","United States","1778343414","1778343414","-73.8687","40.7765","","true","8.23","300.94","","false","0"
"a1ef3c96-040d-46f8-b4ec-c710ae4a8ad1_8","flights","2026-05-09T16:17:01.160585+00:00","ac36cc","SWA1254","United States","1778343415","1778343415","-73.2465","40.1062","10187.94","false","259.69","40.82","-4.55","false","0"
"a1ef3c96-040d-46f8-b4ec-c710ae4a8ad1_9","flights","2026-05-09T16:17:01.160585+00:00","a2bbc6","UAL1624","United States","1778343415","1778343415","-73.9122","40.049","4770.12","false","204.14","104.6","9.43","false","0"
"a1ef3c96-040d-46f8-b4ec-c710ae4a8ad1_10","flights","2026-05-09T16:17:01.160585+00:00","ada936","N98EG","United States","1778343415","1778343415","-73.9361","40.8848","464.82","false","39.3","255.6","-0.98","false","0"
"a1ef3c96-040d-46f8-b4ec-c710ae4a8ad1_11","flights","2026-05-09T16:17:01.160585+00:00","a0835d","RPA4346","United States","1778343234","1778343234","-73.8734","40.7803","","true","6.43","30.94","","false","0"
"a1ef3c96-040d-46f8-b4ec-c710ae4a8ad1_12","flights","2026-05-09T16:17:01.160585+00:00","aceb76","EDV5116","United States","1778343415","1778343415","-73.8083","40.8608","571.5","false","80.65","211.97","-3.25","false","0"
"a1ef3c96-040d-46f8-b4ec-c710ae4a8ad1_13","flights","2026-05-09T16:17:01.160585+00:00","a0bcb7","CNS46","United States","1778343414","1778343415","-73.7729","40.6891","8229.6","false","148.16","359.6","0.33","false","0"
"a1ef3c96-040d-46f8-b4ec-c710ae4a8ad1_14","flights","2026-05-09T16:17:01.160585+00:00","a13391","DAL93","United States","1778343415","1778343415","-73.0634","40.6964","2385.06","false","125.04","237.94","-7.15","true","0"
"a1ef3c96-040d-46f8-b4ec-c710ae4a8ad1_15","flights","2026-05-09T16:17:01.160585+00:00","a3b02e","DAL2785","United States","1778343415","1778343415","-73.114","40.099","11582.4","false","199.72","225.73","0","false","0"
"a1ef3c96-040d-46f8-b4ec-c710ae4a8ad1_16","flights","2026-05-09T16:17:01.160585+00:00","ae08c0","TITUS01","United States","1778343414","1778343415","-73.3107","40.1104","8519.16","false","116.5","218.19","-0.33","false","0"
"a1ef3c96-040d-46f8-b4ec-c710ae4a8ad1_17","flights","2026-05-09T16:17:01.160585+00:00","394a02","AFR004","France","1778343415","1778343415","-73.2618","40.6902","1836.42","false","137.03","286.8","-5.53","false","0"
"a1ef3c96-040d-46f8-b4ec-c710ae4a8ad1_18","flights","2026-05-09T16:17:01.160585+00:00","a3b04f","N337FB","United States","1778343415","1778343415","-73.3016","40.6853","365.76","false","56.92","330.19","0","false","0"
"a1ef3c96-040d-46f8-b4ec-c710ae4a8ad1_19","flights","2026-05-09T16:17:01.160585+00:00","a515ad","AAL605","United States","1778343357","1778343362","-73.8716","40.7762","","true","0","165.94","","false","0"
"a1ef3c96-040d-46f8-b4ec-c710ae4a8ad1_20","flights","2026-05-09T16:17:01.160585+00:00","a3e9f3","EJA351","United States","1778343415","1778343415","-73.2339","40.0163","11277.6","false","254.33","43.77","0","false","0"
"a1ef3c96-040d-46f8-b4ec-c710ae4a8ad1_21","flights","2026-05-09T16:17:01.160585+00:00","a98445","JBU2536","United States","1778343415","1778343415","-73.4892","40.8139","960.12","false","113.86","303.76","-4.55","false","0"
"a1ef3c96-040d-46f8-b4ec-c710ae4a8ad1_22","flights","2026-05-09T16:17:01.160585+00:00","ad9712","JBU1002","United States","1778343415","1778343415","-73.6128","40.3585","2011.68","false","156.55","28.67","-8.13","false","0"
"a1ef3c96-040d-46f8-b4ec-c710ae4a8ad1_23","flights","2026-05-09T16:17:01.160585+00:00","a2a70f","LXJ270","United States","1778343415","1778343415","-73.6694","40.4976","617.22","false","122.25","223.98","0.98","false","0"
"a1ef3c96-040d-46f8-b4ec-c710ae4a8ad1_24","flights","2026-05-09T16:17:01.160585+00:00","71c362","AAR221","Republic of Korea","1778343415","1778343415","-73.5314","40.6947","3017.52","false","160.43","4.23","10.08","false","0"
"a1ef3c96-040d-46f8-b4ec-c710ae4a8ad1_25","flights","2026-05-09T16:17:01.160585+00:00","aca79d","EDV5458","United States","1778343415","1778343415","-73.4444","40.6014","1226.82","false","133.97","28.43","0","false","0"
"a1ef3c96-040d-46f8-b4ec-c710ae4a8ad1_26","flights","2026-05-09T16:17:01.160585+00:00","ac4668","N890MA","United States","1778343415","1778343415","-73.4142","40.7493","99.06","false","39.26","185.26","-1.3","false","0"
"a1ef3c96-040d-46f8-b4ec-c710ae4a8ad1_27","flights","2026-05-09T16:17:01.160585+00:00","adea26","AAL1080","United States","1778343415","1778343415","-73.7535","40.8537","2689.86","false","147.25","326.25","14.63","false","0"
"a1ef3c96-040d-46f8-b4ec-c710ae4a8ad1_28","flights","2026-05-09T16:17:01.160585+00:00","a28d12","N2634M","United States","1778343356","1778343365","-73.4144","40.7123","281.94","false","37.23","191.15","4.23","false","0"
"a1ef3c96-040d-46f8-b4ec-c710ae4a8ad1_29","flights","2026-05-09T16:17:01.160585+00:00","ac4587","KAP519","United States","1778343415","1778343415","-73.7877","40.5759","1097.28","false","63.62","107.41","7.48","false","0"
"a1ef3c96-040d-46f8-b4ec-c710ae4a8ad1_30","flights","2026-05-09T16:17:01.160585+00:00","a97310","JBU2584","United States","1778343172","1778343172","-73.7724","40.646","","true","0","163.12","","false","0"
"a1ef3c96-040d-46f8-b4ec-c710ae4a8ad1_31","flights","2026-05-09T16:17:01.160585+00:00","a388af","DAL1404","United States","1778343400","1778343405","-73.8603","40.7695","","true","0.06","295.31","","false","0"
"a1ef3c96-040d-46f8-b4ec-c710ae4a8ad1_32","flights","2026-05-09T16:17:01.160585+00:00","a78cfc","JBU142","United States","1778343414","1778343415","-73.6039","40.8161","617.22","false","89.4","240.34","0","false","0"
"a1ef3c96-040d-46f8-b4ec-c710ae4a8ad1_33","flights","2026-05-09T16:17:01.160585+00:00","a282e5","MXY1730","United States","1778343415","1778343415","-73.4243","40.4571","5189.22","false","197.44","15.41","0","false","0"
"a1ef3c96-040d-46f8-b4ec-c710ae4a8ad1_34","flights","2026-05-09T16:17:01.160585+00:00","4b1882","SWR16F","Switzerland","1778343415","1778343415","-73.7282","40.6793","251.46","false","68.29","210.82","-3.9","false","0"
"a1ef3c96-040d-46f8-b4ec-c710ae4a8ad1_35","flights","2026-05-09T16:17:01.160585+00:00","a030a8","RPA4501","United States","1778343411","1778343411","-73.871","40.7762","","true","0","300.94","","false","0"
"a1ef3c96-040d-46f8-b4ec-c710ae4a8ad1_36","flights","2026-05-09T16:17:01.160585+00:00","ace7bf","EDV5531","United States","1778343415","1778343415","-73.8042","40.7712","1287.78","false","134.01","51.55","13.66","false","0"
"a1ef3c96-040d-46f8-b4ec-c710ae4a8ad1_37","flights","2026-05-09T16:17:01.160585+00:00","acd53d","N926JA","United States","1778343411","1778343411","-73.3483","40.9081","342.9","false","51.96","191.42","-2.28","false","0"
"a1ef3c96-040d-46f8-b4ec-c710ae4a8ad1_38","flights","2026-05-09T16:17:01.160585+00:00","a770a2","JBU872","United States","1778343415","1778343415","-73.9929","40.7507","1226.82","false","152.67","10.29","-0.65","false","0"
"a1ef3c96-040d-46f8-b4ec-c710ae4a8ad1_39","flights","2026-05-09T16:17:01.160585+00:00","a72f91","JIA5336","United States","1778343416","1778343416","-73.9828","40.6871","10050.78","false","253.11","40.88","-0.33","false","0"
"a1ef3c96-040d-46f8-b4ec-c710ae4a8ad1_40","flights","2026-05-09T16:17:01.160585+00:00","a1b812","N21KH","United States","1778343415","1778343415","-73.8947","40.5533","13114.02","false","243.93","50.91","-0.33","false","0"
"a1ef3c96-040d-46f8-b4ec-c710ae4a8ad1_41","flights","2026-05-09T16:17:01.160585+00:00","a9085d","EJA681","United States","1778343415","1778343415","-73.3618","40.9111","8229.6","false","252.72","47.64","0","false","0"
"a1ef3c96-040d-46f8-b4ec-c710ae4a8ad1_42","flights","2026-05-09T16:17:01.160585+00:00","a69fac","N526ER","United States","1778343414","1778343414","-73.403","40.7687","342.9","false","46.83","271.26","0","false","0"
"a1ef3c96-040d-46f8-b4ec-c710ae4a8ad1_43","flights","2026-05-09T16:17:01.160585+00:00","ad3e85","N9520Z","United States","1778343415","1778343415","-73.3643","40.9168","678.18","false","30.28","260.22","-0.65","false","0"
"a1ef3c96-040d-46f8-b4ec-c710ae4a8ad1_44","flights","2026-05-09T16:17:01.160585+00:00","a04695","DAL2564","United States","1778343415","1778343415","-73.8642","40.7743","","true","6.69","300.94","","false","0"
"a1ef3c96-040d-46f8-b4ec-c710ae4a8ad1_45","flights","2026-05-09T16:17:01.160585+00:00","a1404b","N18WD","United States","1778343415","1778343415","-73.8317","40.5515","1836.42","false","69.11","209.43","0","false","0"
"a1ef3c96-040d-46f8-b4ec-c710ae4a8ad1_46","flights","2026-05-09T16:17:01.160585+00:00","a3e329","N35HF","United States","1778343414","1778343415","-73.5629","40.5773","152.4","false","65.38","255.42","0","false","0"
"a1ef3c96-040d-46f8-b4ec-c710ae4a8ad1_47","flights","2026-05-09T16:17:01.160585+00:00","a44548","DAL398","United States","1778343407","1778343414","-73.8711","40.785","30.48","false","71.93","212.44","-0.98","false","0"
"a1ef3c96-040d-46f8-b4ec-c710ae4a8ad1_48","flights","2026-05-09T16:17:01.160585+00:00","a06343","N124HF","United States","1778343415","1778343415","-73.0686","40.6879","731.52","false","36.12","153.8","-0.33","false","0"
"a1ef3c96-040d-46f8-b4ec-c710ae4a8ad1_49","flights","2026-05-09T16:17:01.160585+00:00","a57945","N4518B","United States","1778343414","1778343415","-73.3764","40.6389","350.52","false","35.35","248.66","0.98","false","0"
"a1ef3c96-040d-46f8-b4ec-c710ae4a8ad1_50","flights","2026-05-09T16:17:01.160585+00:00","a4ee2e","AAL1106","United States","1778343415","1778343415","-73.822","40.0705","3352.8","false","167.89","29.16","0","false","0"
"a1ef3c96-040d-46f8-b4ec-c710ae4a8ad1_51","flights","2026-05-09T16:17:01.160585+00:00","a335fa","DAL2099","United States","1778343359","1778343414","-73.863","40.7719","","true","0.06","157.5","","false","0"
"a1ef3c96-040d-46f8-b4ec-c710ae4a8ad1_52","flights","2026-05-09T16:17:01.160585+00:00","a086b4","DAL454","United States","1778343380","1778343380","-73.7527","40.6481","53.34","false","66.62","210.13","-3.58","false","0"
"a1ef3c96-040d-46f8-b4ec-c710ae4a8ad1_53","flights","2026-05-09T16:17:01.160585+00:00","a54312","RPA4358","United States","1778343407","1778343408","-73.8703","40.7757","","true","0.9","30.94","","false","0"
"a1ef3c96-040d-46f8-b4ec-c710ae4a8ad1_54","flights","2026-05-09T16:17:01.160585+00:00","a1b092","RPA5761","United States","1778343134","1778343134","-73.8731","40.7807","","true","7.2","33.75","","false","0"
"a1ef3c96-040d-46f8-b4ec-c710ae4a8ad1_55","flights","2026-05-09T16:17:01.160585+00:00","acd120","DAL2719","United States","1778343162","1778343163","-73.8609","40.7701","","true","0.32","132.19","","false","0"
"a1ef3c96-040d-46f8-b4ec-c710ae4a8ad1_56","flights","2026-05-09T16:17:01.160585+00:00","abc2e5","RPA4347","United States","1778343411","1778343412","-73.873","40.7743","","true","0","90","","false","0"
"a1ef3c96-040d-46f8-b4ec-c710ae4a8ad1_57","flights","2026-05-09T16:17:01.160585+00:00","a4caf6","N408GG","United States","1778343415","1778343415","-73.9974","40.7849","320.04","false","47.73","210.43","-0.33","false","0"
"a1ef3c96-040d-46f8-b4ec-c710ae4a8ad1_58","flights","2026-05-09T16:17:01.160585+00:00","a73dc7","LXJ566","United States","1778343415","1778343415","-73.6655","40.4184","11346.18","false","191.48","251.52","12.03","false","0"
"53fd3c00-8175-4e78-bad5-f673a5df4bd6_0","flights","2026-05-09T16:16:45.300498+00:00","acdfcc","KAP68","United States","1778343399","1778343399","-73.6595","40.7889","922.02","false","72.09","238.12","0","false","0"
"53fd3c00-8175-4e78-bad5-f673a5df4bd6_1","flights","2026-05-09T16:16:45.300498+00:00","801659","AIC102","India","1778343399","1778343399","-73.3981","40.9206","3787.14","false","210.42","23.18","6.5","false","0"
"53fd3c00-8175-4e78-bad5-f673a5df4bd6_2","flights","2026-05-09T16:16:45.300498+00:00","a34119","DAL855","United States","1778343399","1778343399","-73.6926","40.7016","9624.06","false","253.66","50.6","-5.85","false","0"
"53fd3c00-8175-4e78-bad5-f673a5df4bd6_3","flights","2026-05-09T16:16:45.300498+00:00","a52aed","DAL273","United States","1778343399","1778343400","-73.3699","40.7833","1524","false","127.71","304.33","-0.33","false","0"
"53fd3c00-8175-4e78-bad5-f673a5df4bd6_4","flights","2026-05-09T16:16:45.300498+00:00","a03bcd","RPA4540","United States","1778343398","1778343398","-73.8713","40.7745","","true","0.9","36.56","","false","0"
"53fd3c00-8175-4e78-bad5-f673a5df4bd6_5","flights","2026-05-09T16:16:45.300498+00:00","a20120","N2280Q","United States","1778343399","1778343399","-73.4314","40.733","335.28","false","56.65","357.4","0.65","false","0"
"53fd3c00-8175-4e78-bad5-f673a5df4bd6_6","flights","2026-05-09T16:16:45.300498+00:00","780a3b","CPA830","China","1778343205","1778343208","-73.7496","40.652","76.2","false","73.85","211.03","-4.23","false","0"
"53fd3c00-8175-4e78-bad5-f673a5df4bd6_7","flights","2026-05-09T16:16:45.300498+00:00","ac159a","RPA5599","United States","1778343391","1778343391","-73.8669","40.7756","","true","6.69","300.94","","false","0"
"53fd3c00-8175-4e78-bad5-f673a5df4bd6_8","flights","2026-05-09T16:16:45.300498+00:00","ac36cc","SWA1254","United States","1778343399","1778343399","-73.278","40.0782","10264.14","false","258.97","40.81","-4.88","false","0"
"53fd3c00-8175-4e78-bad5-f673a5df4bd6_9","flights","2026-05-09T16:16:45.300498+00:00","a2bbc6","UAL1624","United States","1778343399","1778343399","-73.9484","40.0561","4648.2","false","201.63","104.18","7.8","false","0"
"53fd3c00-8175-4e78-bad5-f673a5df4bd6_10","flights","2026-05-09T16:16:45.300498+00:00","ada936","N98EG","United States","1778343399","1778343399","-73.9303","40.8818","472.44","false","45","349.46","0","false","0"
"53fd3c00-8175-4e78-bad5-f673a5df4bd6_11","flights","2026-05-09T16:16:45.300498+00:00","a0835d","RPA4346","United States","1778343234","1778343234","-73.8734","40.7803","","true","6.43","30.94","","false","0"
"53fd3c00-8175-4e78-bad5-f673a5df4bd6_12","flights","2026-05-09T16:16:45.300498+00:00","aceb76","EDV5116","United States","1778343399","1778343399","-73.7999","40.8709","617.22","false","84.36","212.04","0","false","0"
"53fd3c00-8175-4e78-bad5-f673a5df4bd6_13","flights","2026-05-09T16:16:45.300498+00:00","a0bcb7","CNS46","United States","1778343398","1778343399","-73.7726","40.6676","8229.6","false","147.16","358.8","0","false","0"
"53fd3c00-8175-4e78-bad5-f673a5df4bd6_14","flights","2026-05-09T16:16:45.300498+00:00","a13391","DAL93","United States","1778343399","1778343399","-73.0429","40.7061","2491.74","false","125.64","238.39","-6.18","true","0"
"53fd3c00-8175-4e78-bad5-f673a5df4bd6_15","flights","2026-05-09T16:16:45.300498+00:00","a3b02e","DAL2785","United States","1778343399","1778343399","-73.0872","40.1191","11582.4","false","199.37","225.84","0","false","0"
"53fd3c00-8175-4e78-bad5-f673a5df4bd6_16","flights","2026-05-09T16:16:45.300498+00:00","ae08c0","TITUS01","United States","1778343399","1778343399","-73.2975","40.1233","8519.16","false","116.5","218.19","0.33","false","0"
"53fd3c00-8175-4e78-bad5-f673a5df4bd6_17","flights","2026-05-09T16:16:45.300498+00:00","394a02","AFR004","France","1778343398","1778343399","-73.2359","40.6853","1943.1","false","135.54","282.72","-6.83","false","0"
"53fd3c00-8175-4e78-bad5-f673a5df4bd6_18","flights","2026-05-09T16:16:45.300498+00:00","a3b04f","N337FB","United States","1778343397","1778343397","-73.2969","40.6766","335.28","false","57.66","344.48","2.28","false","0"
"53fd3c00-8175-4e78-bad5-f673a5df4bd6_19","flights","2026-05-09T16:16:45.300498+00:00","a515ad","AAL605","United States","1778343357","1778343362","-73.8716","40.7762","","true","0","165.94","","false","0"
"53fd3c00-8175-4e78-bad5-f673a5df4bd6_20","flights","2026-05-09T16:16:45.300498+00:00","a98445","JBU2536","United States","1778343399","1778343399","-73.4714","40.8036","1043.94","false","118.59","315.35","-4.88","false","0"
"53fd3c00-8175-4e78-bad5-f673a5df4bd6_21","flights","2026-05-09T16:16:45.300498+00:00","ad9712","JBU1002","United States","1778343399","1778343399","-73.6276","40.3378","2141.22","false","157.25","28.75","-6.83","false","0"
"53fd3c00-8175-4e78-bad5-f673a5df4bd6_22","flights","2026-05-09T16:16:45.300498+00:00","a2a70f","LXJ270","United States","1778343399","1778343399","-73.6532","40.5105","617.22","false","121.52","223.97","0","false","0"
"53fd3c00-8175-4e78-bad5-f673a5df4bd6_23","flights","2026-05-09T16:16:45.300498+00:00","71c362","AAR221","Republic of Korea","1778343399","1778343399","-73.5373","40.6719","2857.5","false","162.41","21.36","10.08","false","0"
"53fd3c00-8175-4e78-bad5-f673a5df4bd6_24","flights","2026-05-09T16:16:45.300498+00:00","aca79d","EDV5458","United States","1778343398","1778343399","-73.4567","40.5839","1226.82","false","133.73","28.24","0","false","0"
"53fd3c00-8175-4e78-bad5-f673a5df4bd6_25","flights","2026-05-09T16:16:45.300498+00:00","ac4668","N890MA","United States","1778343399","1778343399","-73.4163","40.7544","144.78","false","42.38","123.11","-2.93","false","0"
"53fd3c00-8175-4e78-bad5-f673a5df4bd6_26","flights","2026-05-09T16:16:45.300498+00:00","adea26","AAL1080","United States","1778343399","1778343399","-73.7437","40.8338","2499.36","false","149.28","358.03","13.33","false","0"
"53fd3c00-8175-4e78-bad5-f673a5df4bd6_27","flights","2026-05-09T16:16:45.300498+00:00","a28d12","N2634M","United States","1778343356","1778343365","-73.4144","40.7123","281.94","false","37.23","191.15","4.23","false","0"
"53fd3c00-8175-4e78-bad5-f673a5df4bd6_28","flights","2026-05-09T16:16:45.300498+00:00","ac4587","KAP519","United States","1778343399","1778343399","-73.7995","40.579","975.36","false","64.19","117.18","4.88","false","0"
"53fd3c00-8175-4e78-bad5-f673a5df4bd6_29","flights","2026-05-09T16:16:45.300498+00:00","a97310","JBU2584","United States","1778343172","1778343172","-73.7724","40.646","","true","0","163.12","","false","0"
"53fd3c00-8175-4e78-bad5-f673a5df4bd6_30","flights","2026-05-09T16:16:45.300498+00:00","a388af","DAL1404","United States","1778343390","1778343390","-73.8603","40.7695","","true","0.06","295.31","","false","0"
"53fd3c00-8175-4e78-bad5-f673a5df4bd6_31","flights","2026-05-09T16:16:45.300498+00:00","a78cfc","JBU142","United States","1778343399","1778343399","-73.5899","40.8222","617.22","false","89.65","240.05","0","false","0"
"53fd3c00-8175-4e78-bad5-f673a5df4bd6_32","flights","2026-05-09T16:16:45.300498+00:00","a282e5","MXY1730","United States","1778343399","1778343399","-73.4341","40.4297","5189.22","false","197.58","15.56","0","false","0"
"53fd3c00-8175-4e78-bad5-f673a5df4bd6_33","flights","2026-05-09T16:16:45.300498+00:00","4b1882","SWR16F","Switzerland","1778343398","1778343399","-73.7214","40.6881","312.42","false","68.73","210.6","-2.6","false","0"
"53fd3c00-8175-4e78-bad5-f673a5df4bd6_34","flights","2026-05-09T16:16:45.300498+00:00","ace7bf","EDV5531","United States","1778343399","1778343399","-73.8243","40.7589","1082.04","false","128.39","51.02","11.38","false","0"
"53fd3c00-8175-4e78-bad5-f673a5df4bd6_35","flights","2026-05-09T16:16:45.300498+00:00","acd53d","N926JA","United States","1778343398","1778343399","-73.3464","40.914","358.14","false","50.82","201.37","0","false","0"
"53fd3c00-8175-4e78-bad5-f673a5df4bd6_36","flights","2026-05-09T16:16:45.300498+00:00","a770a2","JBU872","United States","1778343399","1778343399","-73.9982","40.729","1234.44","false","151.25","10.58","-0.98","false","0"
"53fd3c00-8175-4e78-bad5-f673a5df4bd6_37","flights","2026-05-09T16:16:45.300498+00:00","a1b812","N21KH","United States","1778343399","1778343399","-73.9302","40.5314","13106.4","false","243.6","51","0","false","0"
"53fd3c00-8175-4e78-bad5-f673a5df4bd6_38","flights","2026-05-09T16:16:45.300498+00:00","a9085d","EJA681","United States","1778343399","1778343399","-73.3972","40.8866","8229.6","false","253.48","47.8","0","false","0"
"53fd3c00-8175-4e78-bad5-f673a5df4bd6_39","flights","2026-05-09T16:16:45.300498+00:00","a69fac","N526ER","United States","1778343398","1778343398","-73.3951","40.7657","350.52","false","50.85","332.92","0.98","false","0"
"53fd3c00-8175-4e78-bad5-f673a5df4bd6_40","flights","2026-05-09T16:16:45.300498+00:00","ad3e85","N9520Z","United States","1778343400","1778343400","-73.3589","40.9179","678.18","false","30.15","244.75","0.98","false","0"
"53fd3c00-8175-4e78-bad5-f673a5df4bd6_41","flights","2026-05-09T16:16:45.300498+00:00","a04695","DAL2564","United States","1778343387","1778343399","-73.8626","40.7733","","true","5.66","303.75","","false","0"
"53fd3c00-8175-4e78-bad5-f673a5df4bd6_42","flights","2026-05-09T16:16:45.300498+00:00","a1404b","N18WD","United States","1778343399","1778343399","-73.8253","40.5601","1836.42","false","68.66","209.64","0","false","0"
"53fd3c00-8175-4e78-bad5-f673a5df4bd6_43","flights","2026-05-09T16:16:45.300498+00:00","a3e329","N35HF","United States","1778343398","1778343399","-73.5511","40.5797","152.4","false","65.51","254.98","0","false","0"
"53fd3c00-8175-4e78-bad5-f673a5df4bd6_44","flights","2026-05-09T16:16:45.300498+00:00","ab538b","DAL47","United States","1778343083","1778343090","-73.7498","40.6518","68.58","false","70.58","210.68","-3.58","false","0"
"53fd3c00-8175-4e78-bad5-f673a5df4bd6_45","flights","2026-05-09T16:16:45.300498+00:00","a44548","DAL398","United States","1778343399","1778343399","-73.8676","40.7893","60.96","false","73.51","212.13","-3.58","false","0"
"53fd3c00-8175-4e78-bad5-f673a5df4bd6_46","flights","2026-05-09T16:16:45.300498+00:00","a06343","N124HF","United States","1778343399","1778343399","-73.0716","40.6928","762","false","38.43","152.06","-1.3","false","0"
"53fd3c00-8175-4e78-bad5-f673a5df4bd6_47","flights","2026-05-09T16:16:45.300498+00:00","a57945","N4518B","United States","1778343395","1778343395","-73.3678","40.6388","327.66","false","44.14","291.18","-1.95","false","0"
"53fd3c00-8175-4e78-bad5-f673a5df4bd6_48","flights","2026-05-09T16:16:45.300498+00:00","a4ee2e","AAL1106","United States","1778343399","1778343399","-73.8374","40.0494","3352.8","false","167.24","29.48","-0.33","false","0"
"53fd3c00-8175-4e78-bad5-f673a5df4bd6_49","flights","2026-05-09T16:16:45.300498+00:00","a335fa","DAL2099","United States","1778343359","1778343384","-73.863","40.7719","","true","0.06","157.5","","false","0"
"53fd3c00-8175-4e78-bad5-f673a5df4bd6_50","flights","2026-05-09T16:16:45.300498+00:00","a086b4","DAL454","United States","1778343380","1778343380","-73.7527","40.6481","53.34","false","66.62","210.13","-3.58","false","0"
"53fd3c00-8175-4e78-bad5-f673a5df4bd6_51","flights","2026-05-09T16:16:45.300498+00:00","a1b092","RPA5761","United States","1778343134","1778343134","-73.8731","40.7807","","true","7.2","33.75","","false","0"
"53fd3c00-8175-4e78-bad5-f673a5df4bd6_52","flights","2026-05-09T16:16:45.300498+00:00","acd120","DAL2719","United States","1778343162","1778343163","-73.8609","40.7701","","true","0.32","132.19","","false","0"
"53fd3c00-8175-4e78-bad5-f673a5df4bd6_53","flights","2026-05-09T16:16:45.300498+00:00","abc2e5","RPA4347","United States","1778343395","1778343399","-73.873","40.7743","","true","0","90","","false","0"
"53fd3c00-8175-4e78-bad5-f673a5df4bd6_54","flights","2026-05-09T16:16:45.300498+00:00","a4caf6","N408GG","United States","1778343399","1778343399","-73.9932","40.7907","350.52","false","42.34","207.5","-1.95","false","0"
"53fd3c00-8175-4e78-bad5-f673a5df4bd6_55","flights","2026-05-09T16:16:45.300498+00:00","a73dc7","LXJ566","United States","1778343399","1778343399","-73.6307","40.4273","11079.48","false","195.22","251.57","16.91","false","0"
"161a1e00-5cbb-44bc-91a1-7cfedee6e379_0","flights","2026-05-09T16:16:29.203777+00:00","acdfcc","KAP68","United States","1778343384","1778343384","-73.6488","40.794","922.02","false","72.36","237.78","-0.33","false","0"
"161a1e00-5cbb-44bc-91a1-7cfedee6e379_1","flights","2026-05-09T16:16:29.203777+00:00","801659","AIC102","India","1778343384","1778343384","-73.4128","40.8946","3619.5","false","210.42","23.18","9.43","false","0"
"161a1e00-5cbb-44bc-91a1-7cfedee6e379_2","flights","2026-05-09T16:16:29.203777+00:00","a34119","DAL855","United States","1778343384","1778343384","-73.7282","40.6794","9707.88","false","253.66","50.6","-5.53","false","0"
"161a1e00-5cbb-44bc-91a1-7cfedee6e379_3","flights","2026-05-09T16:16:29.203777+00:00","a52aed","DAL273","United States","1778343384","1778343384","-73.3508","40.7733","1524","false","134.84","304.11","0","false","0"
"161a1e00-5cbb-44bc-91a1-7cfedee6e379_4","flights","2026-05-09T16:16:29.203777+00:00","a03bcd","RPA4540","United States","1778343380","1778343384","-73.8713","40.7745","","true","0.77","28.12","","false","0"
"161a1e00-5cbb-44bc-91a1-7cfedee6e379_5","flights","2026-05-09T16:16:29.203777+00:00","a20120","N2280Q","United States","1778343379","1778343384","-73.4311","40.7225","342.9","false","57.11","358.97","-0.98","false","0"
"161a1e00-5cbb-44bc-91a1-7cfedee6e379_6","flights","2026-05-09T16:16:29.203777+00:00","780a3b","CPA830","China","1778343205","1778343208","-73.7496","40.652","76.2","false","73.85","211.03","-4.23","false","0"
"161a1e00-5cbb-44bc-91a1-7cfedee6e379_7","flights","2026-05-09T16:16:29.203777+00:00","ac159a","RPA5599","United States","1778343382","1778343382","-73.8664","40.7754","","true","5.66","300.94","","false","0"
"161a1e00-5cbb-44bc-91a1-7cfedee6e379_8","flights","2026-05-09T16:16:29.203777+00:00","ac36cc","SWA1254","United States","1778343384","1778343384","-73.308","40.0515","10332.72","false","258.63","40.72","-4.55","false","0"
"161a1e00-5cbb-44bc-91a1-7cfedee6e379_9","flights","2026-05-09T16:16:29.203777+00:00","a2bbc6","UAL1624","United States","1778343384","1778343384","-73.9826","40.0626","4541.52","false","198.64","103.78","6.18","false","0"
"161a1e00-5cbb-44bc-91a1-7cfedee6e379_10","flights","2026-05-09T16:16:29.203777+00:00","ada936","N98EG","United States","1778343384","1778343384","-73.9333","40.8756","464.82","false","53.99","30.96","-0.65","false","0"
"161a1e00-5cbb-44bc-91a1-7cfedee6e379_11","flights","2026-05-09T16:16:29.203777+00:00","a0835d","RPA4346","United States","1778343234","1778343234","-73.8734","40.7803","","true","6.43","30.94","","false","0"
"161a1e00-5cbb-44bc-91a1-7cfedee6e379_12","flights","2026-05-09T16:16:29.203777+00:00","aceb76","EDV5116","United States","1778343384","1778343384","-73.7917","40.8808","617.22","false","87.8","211.83","0.33","false","0"
"161a1e00-5cbb-44bc-91a1-7cfedee6e379_13","flights","2026-05-09T16:16:29.203777+00:00","a0bcb7","CNS46","United States","1778343384","1778343384","-73.7728","40.6485","8229.6","false","149.93","3.15","0","false","0"
"161a1e00-5cbb-44bc-91a1-7cfedee6e379_14","flights","2026-05-09T16:16:29.203777+00:00","a13391","DAL93","United States","1778343384","1778343384","-73.0241","40.7147","2583.18","false","126.87","239.28","-6.5","true","0"
"161a1e00-5cbb-44bc-91a1-7cfedee6e379_15","flights","2026-05-09T16:16:29.203777+00:00","a3b02e","DAL2785","United States","1778343384","1778343384","-73.0625","40.1375","11582.4","false","198.27","225.74","0","false","0"
"161a1e00-5cbb-44bc-91a1-7cfedee6e379_16","flights","2026-05-09T16:16:29.203777+00:00","ae08c0","TITUS01","United States","1778343384","1778343384","-73.285","40.1354","8519.16","false","116.5","218.19","0.33","false","0"
"161a1e00-5cbb-44bc-91a1-7cfedee6e379_17","flights","2026-05-09T16:16:29.203777+00:00","394a02","AFR004","France","1778343384","1778343384","-73.2135","40.6814","2049.78","false","134.65","283.03","-7.8","false","0"
"161a1e00-5cbb-44bc-91a1-7cfedee6e379_18","flights","2026-05-09T16:16:29.203777+00:00","a3b04f","N337FB","United States","1778343383","1778343385","-73.2948","40.6695","304.8","false","61.44","348.41","2.93","false","0"
"161a1e00-5cbb-44bc-91a1-7cfedee6e379_19","flights","2026-05-09T16:16:29.203777+00:00","a515ad","AAL605","United States","1778343357","1778343362","-73.8716","40.7762","","true","0","165.94","","false","0"
"161a1e00-5cbb-44bc-91a1-7cfedee6e379_20","flights","2026-05-09T16:16:29.203777+00:00","a98445","JBU2536","United States","1778343384","1778343384","-73.4597","40.7904","1104.9","false","126.08","332.81","-3.25","false","0"
"161a1e00-5cbb-44bc-91a1-7cfedee6e379_21","flights","2026-05-09T16:16:29.203777+00:00","a1a6d5","CXK558","United States","1778343076","1778343076","-73.0689","40.8218","220.98","false","34.56","224.4","-1.63","false","0"
"161a1e00-5cbb-44bc-91a1-7cfedee6e379_22","flights","2026-05-09T16:16:29.203777+00:00","ad9712","JBU1002","United States","1778343384","1778343384","-73.6405","40.3198","2225.04","false","158.9","29.05","-5.53","false","0"
"161a1e00-5cbb-44bc-91a1-7cfedee6e379_23","flights","2026-05-09T16:16:29.203777+00:00","a037b9","DAL990","United States","1778343384","1778343384","-73.9931","40.9155","3718.56","false","151.85","259.26","4.88","false","0"
"161a1e00-5cbb-44bc-91a1-7cfedee6e379_24","flights","2026-05-09T16:16:29.203777+00:00","a2a70f","LXJ270","United States","1778343384","1778343384","-73.6385","40.5222","617.22","false","121.16","223.8","0","false","0"
"161a1e00-5cbb-44bc-91a1-7cfedee6e379_25","flights","2026-05-09T16:16:29.203777+00:00","71c362","AAR221","Republic of Korea","1778343384","1778343384","-73.553","40.6537","2712.72","false","162.97","45","9.43","false","0"
"161a1e00-5cbb-44bc-91a1-7cfedee6e379_26","flights","2026-05-09T16:16:29.203777+00:00","aca79d","EDV5458","United States","1778343384","1778343384","-73.4678","40.5681","1226.82","false","142.47","28.23","0.33","false","0"